latitude,longitude,elevation,elevation_diff,distance,cum_elevation,cum_distance
46.363803,10.895592,764.931,0.0,0.0,764.931,0.0
46.363687,10.895473,805.761,40.82999999999993,15.8,805.761,15.8
46.363725,10.895574,824.007,18.24599999999998,8.83,824.007,24.630000000000003
46.364231,10.895524,825.407,1.400000000000091,56.4,825.407,81.03
46.365102,10.894322,831.75,6.342999999999961,133.74,831.75,214.77
46.365479,10.891955,840.311,8.561000000000035,186.4,840.311,401.17
46.366617,10.889439,849.921,9.610000000000014,230.83,849.921,632.0
46.366933,10.887685,860.542,10.620999999999981,139.09,860.542,771.09
46.367544,10.886942,863.992,3.449999999999932,88.69,863.992,859.78
46.368271,10.885282,873.075,9.083000000000084,150.86,873.075,1010.64
46.369055,10.884236,874.927,1.8519999999999754,118.49,874.927,1129.1299999999999
46.370471,10.881131,881.785,6.857999999999947,285.56,881.785,1414.6899999999998
46.371157,10.881039,881.789,0.004000000000019099,76.61,881.789,1491.2999999999997
46.371697,10.880582,884.617,2.8279999999999745,69.53,884.617,1560.8299999999997
46.372651,10.878285,890.307,5.690000000000055,205.69,890.307,1766.5199999999998
46.372749,10.877348,893.755,3.447999999999979,72.71,893.755,1839.2299999999998
46.373185,10.876407,899.566,5.8110000000000355,86.96,899.566,1926.1899999999998
46.373567,10.875981,894.296,-5.269999999999982,53.59,894.296,1979.7799999999997
46.373271,10.876301,899.067,4.770999999999958,41.06,899.067,2020.8399999999997
46.373895,10.8748,911.057,11.990000000000009,134.44,911.057,2155.2799999999997
46.373936,10.874307,913.94,2.883000000000038,38.1,913.94,2193.3799999999997
46.37468,10.872969,926.922,12.981999999999971,131.84,926.922,2325.22
46.375426,10.872206,936.037,9.115000000000009,101.53,936.037,2426.75
46.375882,10.871462,944.649,8.611999999999966,76.35,944.649,2503.1
46.376391,10.870238,958.113,13.464000000000055,109.64,958.113,2612.74
46.376524,10.869408,963.407,5.293999999999983,65.37,963.407,2678.1099999999997
46.376724,10.869166,964.88,1.4729999999999563,28.97,964.88,2707.0799999999995
46.377256,10.868977,968.781,3.9009999999999536,60.91,968.781,2767.9899999999993
46.377411,10.868559,969.621,0.8400000000000318,36.4,969.621,2804.3899999999994
46.378106,10.867864,963.982,-5.63900000000001,93.89,963.982,2898.2799999999993
46.37826,10.86732,961.952,-2.0299999999999727,45.11,961.952,2943.3899999999994
46.378642,10.866809,961.075,-0.8769999999999527,57.8,961.075,3001.1899999999996
46.379731,10.866199,953.387,-7.688000000000102,129.82,953.387,3131.0099999999998
46.379024,10.867339,941.384,-12.002999999999929,117.59,941.384,3248.6
46.378373,10.869213,934.507,-6.877000000000066,160.96,934.507,3409.56
46.37826,10.869773,931.717,-2.7899999999999636,44.76,931.717,3454.32
46.378456,10.870041,931.207,-0.5099999999999909,29.96,931.207,3484.28
46.38086,10.86783,949.425,18.21799999999996,316.58,949.425,3800.86
46.382612,10.866588,955.246,5.821000000000026,216.86,955.246,4017.7200000000003
46.38351,10.864707,965.896,10.649999999999977,175.47,965.896,4193.1900000000005
46.384674,10.863941,974.967,9.071000000000026,142.14,974.967,4335.330000000001
46.385715,10.862601,985.537,10.57000000000005,154.8,985.537,4490.130000000001
46.388456,10.861925,994.66,9.122999999999934,309.16,994.66,4799.290000000001
46.389937,10.861001,1002.872,8.211999999999989,179.28,1002.872,4978.570000000001
46.391372,10.859876,1014.822,11.950000000000045,181.4,1014.822,5159.97
46.392367,10.859444,1023.962,9.139999999999986,115.49,1023.962,5275.46
46.39341,10.857377,1038.808,14.846000000000004,196.42,1038.808,5471.88
46.394891,10.856325,1056.207,17.399000000000115,183.38,1056.207,5655.26
46.395135,10.856001,1059.529,3.321999999999889,36.79,1059.529,5692.05
46.396178,10.852549,1081.65,22.121000000000095,289.02,1081.65,5981.07
46.396766,10.851403,1088.48,6.829999999999927,109.54,1088.48,6090.61
46.397801,10.850151,1096.021,7.54099999999994,149.88,1096.021,6240.49
46.400285,10.847711,1103.341,7.319999999999936,333.62,1103.341,6574.11
46.400758,10.84698,1101.824,-1.5169999999998254,76.87,1101.824,6650.98
46.401471,10.844361,1101.876,0.05199999999990723,215.91,1101.876,6866.889999999999
46.402544,10.8424,1113.344,11.468000000000075,191.95,1113.344,7058.839999999999
46.402988,10.840332,1119.605,6.260999999999967,166.08,1119.605,7224.919999999999
46.404187,10.838599,1123.415,3.8099999999999454,188.24,1123.415,7413.159999999999
46.404541,10.8377,1126.807,3.3920000000000528,79.38,1126.807,7492.539999999999
46.40457,10.834082,1142.281,15.473999999999933,277.43,1142.281,7769.969999999999
46.405667,10.830414,1160.052,17.770999999999958,306.56,1160.052,8076.53
46.40625,10.827306,1180.672,20.62000000000012,246.96,1180.672,8323.49
46.40809,10.822391,1175.833,-4.838999999999942,428.8,1175.833,8752.289999999999
46.408171,10.819794,1183.043,7.209999999999809,199.32,1183.043,8951.609999999999
46.407929,10.81457,1199.436,16.39300000000003,401.43,1199.436,9353.039999999999
46.408674,10.817224,1222.028,22.5920000000001,219.7,1222.028,9572.74
46.408673,10.817803,1228.727,6.699000000000069,44.39,1228.727,9617.13
46.408971,10.818418,1235.968,7.2409999999999854,57.63,1235.968,9674.759999999998
46.409326,10.820621,1254.214,18.245999999999867,173.45,1254.214,9848.21
46.410067,10.822368,1265.707,11.493000000000166,157.25,1265.707,10005.46
46.410226,10.823654,1276.399,10.69199999999978,100.17,1276.399,10105.63
46.410563,10.822567,1286.94,10.541000000000167,91.38,1286.94,10197.009999999998
46.410545,10.821136,1297.91,10.970000000000027,109.73,1297.91,10306.739999999998
46.410339,10.820454,1302.731,4.820999999999913,57.08,1302.731,10363.819999999998
46.410572,10.820232,1309.531,6.7999999999999545,31.0,1309.531,10394.819999999998
46.411282,10.824284,1325.314,15.78300000000013,320.53,1325.314,10715.349999999999
46.411218,10.825987,1323.476,-1.8379999999999654,130.76,1323.476,10846.109999999999
46.411356,10.826015,1324.826,1.349999999999909,15.49,1324.826,10861.599999999999
46.411575,10.825781,1328.247,3.421000000000049,30.25,1328.247,10891.849999999999
46.411389,10.825414,1331.611,3.3640000000000327,34.92,1331.611,10926.769999999999
46.411628,10.825082,1335.407,3.7959999999998217,36.8,1335.407,10963.569999999998
46.411677,10.825512,1338.329,2.9220000000000255,33.41,1338.329,10996.979999999998
46.412826,10.827991,1367.15,28.82100000000014,229.01,1367.15,11225.989999999998
46.413018,10.827418,1372.41,5.259999999999991,48.84,1372.41,11274.829999999998
46.412997,10.826994,1375.351,2.941000000000031,32.59,1375.351,11307.419999999998
46.413889,10.827878,1393.661,18.309999999999945,120.13,1393.661,11427.549999999997
46.413992,10.82784,1396.064,2.40300000000002,11.82,1396.064,11439.369999999997
46.414006,10.827297,1401.376,5.311999999999898,41.66,1401.376,11481.029999999997
46.413218,10.825992,1409.095,7.719000000000051,132.99,1409.095,11614.019999999997
46.413091,10.825387,1408.049,-1.0460000000000491,48.48,1408.049,11662.499999999996
46.413014,10.822912,1417.123,9.07400000000007,189.94,1417.123,11852.439999999997
46.412659,10.820568,1419.007,1.8840000000000146,183.99,1419.007,12036.429999999997
46.412909,10.821429,1429.136,10.128999999999905,71.62,1429.136,12108.049999999997
46.413033,10.820644,1440.797,11.661000000000058,61.74,1440.797,12169.789999999997
46.413504,10.822029,1456.167,15.36999999999989,118.39,1456.167,12288.179999999997
46.414039,10.822875,1468.628,12.461000000000013,88.01,1468.628,12376.189999999997
46.414095,10.823489,1475.358,6.730000000000018,47.48,1475.358,12423.669999999996
46.414492,10.823924,1483.041,7.682999999999993,55.32,1483.041,12478.989999999996
46.415009,10.825256,1498.453,15.412000000000035,117.18,1498.453,12596.169999999996
46.415534,10.825893,1511.379,12.92599999999993,76.11,1511.379,12672.279999999997
46.416214,10.826343,1525.805,14.426000000000158,83.11,1525.805,12755.389999999998
46.415799,10.824941,1545.025,19.220000000000027,116.96,1545.025,12872.349999999997
46.415379,10.82153,1581.507,36.48199999999997,265.63,1581.507,13137.979999999996
46.416064,10.822106,1596.984,15.476999999999862,88.04,1596.984,13226.019999999997
46.416044,10.821122,1609.435,12.451000000000022,75.47,1609.435,13301.489999999996
46.416235,10.820298,1618.065,8.63000000000011,66.64,1618.065,13368.129999999996
46.417306,10.818443,1640.236,22.17100000000005,185.48,1640.236,13553.609999999995
46.417479,10.817719,1648.836,8.599999999999909,58.74,1648.836,13612.349999999995
46.417248,10.816102,1665.689,16.853000000000065,126.59,1665.689,13738.939999999995
46.417945,10.813882,1694.971,29.281999999999925,187.0,1694.971,13925.939999999995
46.418425,10.812923,1702.651,7.680000000000064,90.85,1702.651,14016.789999999995
46.418767,10.811751,1722.801,20.149999999999864,97.56,1722.801,14114.349999999995
46.419116,10.811362,1728.611,5.810000000000173,48.94,1728.611,14163.289999999995
46.419247,10.812144,1735.307,6.695999999999913,61.69,1735.307,14224.979999999996
46.419905,10.810589,1756.022,20.714999999999918,139.86,1756.022,14364.839999999997
46.420064,10.809563,1766.183,10.161000000000058,80.61,1766.183,14445.449999999997
46.420101,10.80686,1792.583,26.40000000000009,207.24,1792.583,14652.689999999997
46.420536,10.805956,1803.184,10.600999999999885,84.51,1803.184,14737.199999999997
46.420542,10.806762,1810.344,7.160000000000082,61.79,1810.344,14798.989999999998
46.421025,10.808453,1818.047,7.7029999999999745,140.31,1818.047,14939.299999999997
46.420718,10.808607,1818.039,-0.008000000000038199,36.12,1818.039,14975.419999999998
46.420855,10.808477,1817.535,-0.5039999999999054,18.2,1817.535,14993.619999999999
46.420705,10.808769,1821.486,3.951000000000022,27.91,1821.486,15021.529999999999
46.420783,10.809495,1831.514,10.027999999999793,56.32,1831.514,15077.849999999999
46.421275,10.810933,1851.207,19.69300000000021,123.06,1851.207,15200.909999999998
46.421527,10.812443,1865.13,13.923000000000002,119.09,1865.13,15319.999999999998
46.421663,10.812845,1870.451,5.320999999999913,34.32,1870.451,15354.319999999998
46.421858,10.812953,1873.341,2.8899999999998727,23.21,1873.341,15377.529999999997
46.422222,10.812771,1878.132,4.791000000000167,42.81,1878.132,15420.339999999997
46.421962,10.812404,1887.212,9.079999999999927,40.34,1887.212,15460.679999999997
46.422302,10.812881,1883.875,-3.336999999999989,52.59,1883.875,15513.269999999997
46.422545,10.812969,1886.777,2.9020000000000437,27.85,1886.777,15541.119999999997
46.423195,10.813637,1887.298,0.5209999999999582,88.58,1887.298,15629.699999999997
46.423075,10.814097,1887.715,0.4169999999999163,37.7,1887.715,15667.399999999998
46.423178,10.814854,1894.426,6.711000000000013,59.14,1894.426,15726.539999999997
46.423644,10.815887,1906.007,11.581000000000131,94.63,1906.007,15821.169999999996
46.42361,10.816544,1913.226,7.219000000000051,50.5,1913.226,15871.669999999996
46.423809,10.817045,1918.937,5.710999999999785,44.32,1918.937,15915.989999999996
46.424037,10.817375,1922.337,3.400000000000091,35.81,1922.337,15951.799999999996
46.425066,10.817857,1929.018,6.68100000000004,120.24,1929.018,16072.039999999995
46.42528,10.818182,1930.598,1.5799999999999272,34.45,1930.598,16106.489999999996
46.425661,10.818391,1924.251,-6.34699999999998,45.29,1924.251,16151.779999999997
46.425945,10.818413,1931.013,6.761999999999944,31.62,1931.013,16183.399999999998
46.426842,10.818074,1928.169,-2.8439999999998236,103.07,1928.169,16286.469999999998
46.42785,10.818238,1928.104,-0.06500000000005457,112.79,1928.104,16399.26
46.428109,10.818654,1928.524,0.4199999999998454,42.96,1928.524,16442.219999999998
46.428748,10.818758,1931.907,3.383000000000038,71.5,1931.907,16513.719999999998
46.429025,10.818979,1934.313,2.4060000000001764,35.15,1934.313,16548.87
46.429764,10.819777,1947.844,13.530999999999949,102.43,1947.844,16651.3
46.430028,10.820274,1954.084,6.240000000000009,48.09,1954.084,16699.39
46.42996,10.820623,1955.975,1.890999999999849,27.8,1955.975,16727.19
46.430071,10.820907,1956.915,0.9400000000000546,25.02,1956.915,16752.21
46.429862,10.821301,1961.748,4.833000000000084,38.1,1961.748,16790.309999999998
46.42996,10.82178,1966.56,4.811999999999898,38.29,1966.56,16828.6
46.428523,10.823873,1989.169,22.60900000000015,226.41,1989.169,17055.01
46.42679,10.825662,2007.904,18.7349999999999,236.5,2007.904,17291.51
46.426641,10.826354,2013.124,5.220000000000027,55.57,2013.124,17347.079999999998
46.42673,10.826796,2017.507,4.383000000000038,35.29,2017.507,17382.37
46.427274,10.826925,2031.493,13.985999999999876,61.29,2031.493,17443.66
46.428461,10.827813,2050.644,19.15099999999984,148.5,2050.644,17592.16
46.428873,10.828316,2057.494,6.850000000000364,59.87,2057.494,17652.03
46.42902,10.829087,2063.695,6.201000000000022,61.31,2063.695,17713.34
46.429326,10.829435,2067.975,4.279999999999745,43.23,2067.975,17756.57
46.429441,10.829952,2070.398,2.423000000000229,41.64,2070.398,17798.21
46.429255,10.830312,2074.26,3.86200000000008,34.48,2074.26,17832.69
46.428398,10.831021,2100.669,26.40899999999965,109.7,2100.669,17942.39
46.428346,10.83126,2104.904,4.235000000000127,19.21,2104.904,17961.6
46.429294,10.831939,2139.624,34.7199999999998,117.56,2139.624,18079.16
46.430241,10.832023,2166.007,26.383000000000266,105.5,2166.007,18184.66
46.430371,10.832199,2168.933,2.925999999999931,19.77,2168.933,18204.43
46.430494,10.833199,2177.094,8.161000000000058,77.85,2177.094,18282.28
46.430092,10.833844,2186.764,9.670000000000073,66.65,2186.764,18348.93
46.430043,10.835496,2193.955,7.1909999999998035,126.73,2193.955,18475.66
46.429578,10.836306,2204.495,10.539999999999964,80.79,2204.495,18556.45
46.429579,10.836832,2212.658,8.163000000000011,40.31,2212.658,18596.760000000002
46.429162,10.838352,2229.46,16.802000000000135,125.38,2229.46,18722.140000000003
46.429552,10.83811,2238.189,8.728999999999814,47.17,2238.189,18769.31
46.430076,10.838057,2243.906,5.717000000000098,58.41,2243.906,18827.72
46.431111,10.83715,2256.826,12.920000000000073,134.45,2256.826,18962.170000000002
46.43145,10.836487,2260.707,3.880999999999858,63.27,2260.707,19025.440000000002
46.431518,10.835715,2263.695,2.9880000000002838,59.65,2263.695,19085.090000000004
46.431783,10.835279,2264.576,0.8809999999998581,44.55,2264.576,19129.640000000003
46.432964,10.834955,2284.246,19.670000000000073,133.65,2284.246,19263.290000000005
46.433263,10.834659,2289.057,4.810999999999694,40.25,2289.057,19303.540000000005
46.433303,10.834171,2295.327,6.270000000000437,37.66,2295.327,19341.200000000004
46.433754,10.833724,2298.77,3.4429999999997563,60.73,2298.77,19401.930000000004
46.434356,10.832249,2317.442,18.672000000000025,131.37,2317.442,19533.300000000003
46.434369,10.831077,2318.436,0.9940000000001419,89.83,2318.436,19623.130000000005
46.434727,10.829709,2325.117,6.68100000000004,112.14,2325.117,19735.270000000004
46.434582,10.828116,2332.318,7.201000000000022,123.14,2332.318,19858.410000000003
46.43483,10.826566,2345.807,13.488999999999578,121.94,2345.807,19980.350000000002
46.435513,10.825684,2353.98,8.17300000000023,101.67,2353.98,20082.02
46.436552,10.824979,2371.281,17.30099999999993,127.54,2371.281,20209.56
46.437359,10.823994,2376.021,4.7400000000002365,117.26,2376.021,20326.82
46.438685,10.822948,2391.972,15.951000000000022,167.82,2391.972,20494.64
46.44022,10.821199,2420.342,28.36999999999989,217.01,2420.342,20711.649999999998
46.44027,10.820764,2434.265,13.922999999999774,33.79,2434.265,20745.44
46.44033,10.821132,2433.727,-0.5380000000000109,28.98,2433.727,20774.42
46.440539,10.820991,2440.951,7.22400000000016,25.63,2440.951,20800.05
46.440828,10.821361,2452.501,11.550000000000182,42.85,2452.501,20842.899999999998
46.441061,10.821324,2460.611,8.109999999999673,26.06,2460.611,20868.96
46.441384,10.821618,2466.407,5.7960000000002765,42.4,2466.407,20911.36
46.441848,10.82162,2464.072,-2.3350000000000364,51.59,2464.072,20962.95
46.442504,10.822304,2461.663,-2.4090000000001055,89.82,2461.663,21052.77
46.443191,10.822349,2453.953,-7.710000000000036,76.47,2453.953,21129.24
46.443862,10.822659,2438.084,-15.869000000000142,78.3,2438.084,21207.54
46.444599,10.823116,2416.934,-21.149999999999636,89.12,2416.934,21296.66
46.444469,10.823314,2410.657,-6.277000000000044,20.95,2410.657,21317.61
46.444727,10.823801,2405.889,-4.768000000000029,47.07,2405.889,21364.68
46.445158,10.826134,2404.427,-1.461999999999989,185.07,2404.427,21549.75
46.445762,10.827115,2398.268,-6.1590000000001055,100.8,2398.268,21650.55
46.4455,10.828353,2384.214,-14.054000000000087,99.23,2384.214,21749.78
46.445715,10.829514,2381.807,-2.407000000000153,92.11,2381.807,21841.89
46.445376,10.83143,2355.479,-26.327999999999975,151.56,2355.479,21993.45
46.445564,10.832013,2347.73,-7.748999999999796,49.32,2347.73,22042.77
46.445712,10.83456,2301.15,-46.57999999999993,195.84,2301.15,22238.61
46.445898,10.834656,2300.161,-0.9890000000000327,21.95,2300.161,22260.56
46.446874,10.834082,2281.451,-18.710000000000036,117.1,2281.451,22377.66
46.446664,10.832736,2268.424,-13.027000000000044,105.74,2268.424,22483.4
46.446957,10.83164,2254.946,-13.478000000000065,90.07,2254.946,22573.47
46.447238,10.832817,2239.541,-15.404999999999745,95.44,2239.541,22668.91
46.448439,10.834956,2211.281,-28.26000000000022,211.4,2211.281,22880.31
46.448544,10.836836,2185.709,-25.572000000000116,144.51,2185.709,23024.82
46.449245,10.838187,2167.907,-17.80199999999968,129.57,2167.907,23154.39
46.450202,10.839089,2149.231,-18.67599999999993,126.88,2149.231,23281.27
46.450783,10.839916,2128.522,-20.709000000000287,90.49,2128.522,23371.760000000002
46.450973,10.839997,2122.752,-5.769999999999982,22.02,2122.752,23393.780000000002
46.451405,10.839604,2113.153,-9.59900000000016,56.69,2113.153,23450.47
46.451898,10.83964,2102.543,-10.609999999999673,54.89,2102.543,23505.36
46.452356,10.841001,2074.246,-28.297000000000025,116.04,2074.246,23621.4
46.453191,10.842353,2043.418,-30.828000000000202,139.1,2043.418,23760.5
46.45312,10.843588,2028.056,-15.361999999999853,94.94,2028.056,23855.44
46.453263,10.844104,2021.859,-6.197000000000116,42.61,2021.859,23898.05
46.454187,10.846095,1986.214,-35.64499999999998,183.9,1986.214,24081.95
46.454718,10.848861,1953.507,-32.70699999999988,219.96,1953.507,24301.91
46.455413,10.850846,1925.752,-27.75500000000011,170.57,1925.752,24472.48
46.455853,10.851501,1913.223,-12.528999999999996,70.08,1913.223,24542.56
46.456714,10.854061,1888.763,-24.460000000000036,218.23,1888.763,24760.79
46.457021,10.85444,1888.244,-0.5190000000000055,44.81,1888.244,24805.600000000002
46.457683,10.854506,1887.764,-0.4800000000000182,73.78,1887.764,24879.38
46.458803,10.855049,1881.067,-6.696999999999889,131.3,1881.067,25010.68
46.461184,10.857256,1845.939,-35.12799999999993,314.12,1845.939,25324.8
46.461886,10.857741,1839.697,-6.242000000000189,86.45,1839.697,25411.25
46.462685,10.859342,1823.323,-16.373999999999796,151.43,1823.323,25562.68
46.463588,10.86072,1808.425,-14.898000000000138,145.68,1808.425,25708.36
46.464346,10.862665,1793.007,-15.417999999999893,171.16,1793.007,25879.52
46.466209,10.863943,1770.986,-22.020999999999958,229.12,1770.986,26108.64
46.465182,10.862407,1755.577,-15.409000000000106,163.95,1755.577,26272.59
46.465083,10.861284,1748.337,-7.240000000000009,86.71,1748.337,26359.3
46.465467,10.862277,1741.118,-7.219000000000051,87.22,1741.118,26446.52
46.466093,10.862811,1733.428,-7.689999999999827,80.73,1733.428,26527.25
46.46682,10.862726,1726.781,-6.647000000000162,81.1,1726.781,26608.35
46.467375,10.863,1720.953,-5.8279999999999745,65.18,1720.953,26673.53
46.468267,10.862851,1714.242,-6.711000000000013,99.84,1714.242,26773.37
46.469297,10.863271,1704.622,-9.61999999999989,118.96,1704.622,26892.329999999998
46.46972,10.863122,1703.114,-1.5080000000000382,48.4,1703.114,26940.73
46.470859,10.864614,1699.807,-3.3070000000000164,170.58,1699.807,27111.31
46.472184,10.864663,1691.191,-8.615999999999985,147.38,1691.191,27258.690000000002
46.473314,10.865383,1681.582,-9.608999999999924,137.22,1681.582,27395.910000000003
46.474253,10.865266,1677.632,-3.9500000000000455,104.8,1677.632,27500.710000000003
46.474911,10.865523,1671.943,-5.689000000000078,75.77,1671.943,27576.480000000003
46.475792,10.865581,1662.373,-9.569999999999936,98.06,1662.373,27674.540000000005
46.478003,10.866794,1640.236,-22.136999999999944,262.81,1640.236,27937.350000000006
46.478685,10.866829,1634.998,-5.238000000000056,75.88,1634.998,28013.230000000007
46.480145,10.867198,1618.079,-16.919000000000096,164.79,1618.079,28178.020000000008
46.481293,10.867199,1604.605,-13.473999999999933,127.65,1604.605,28305.67000000001
46.482383,10.867565,1592.125,-12.480000000000018,124.4,1592.125,28430.07000000001
46.484055,10.867785,1572.907,-19.218000000000075,186.68,1572.907,28616.75000000001
46.484861,10.868405,1562.314,-10.592999999999847,101.42,1562.314,28718.17000000001
46.4855,10.869475,1553.215,-9.09900000000016,108.44,1553.215,28826.610000000008
46.485466,10.868539,1546.935,-6.279999999999973,71.76,1546.935,28898.370000000006
46.485558,10.868509,1545.536,-1.3989999999998872,10.48,1545.536,28908.850000000006
46.48656,10.871878,1520.016,-25.519999999999982,280.97,1520.016,29189.820000000007
46.486806,10.87326,1510.469,-9.547000000000025,109.29,1510.469,29299.110000000008
46.487977,10.877626,1475.891,-34.577999999999975,358.72,1475.891,29657.83000000001
46.488196,10.877539,1473.837,-2.0540000000000873,25.25,1473.837,29683.08000000001
46.488603,10.876589,1466.249,-7.587999999999965,85.66,1466.249,29768.74000000001
46.488679,10.875839,1461.813,-4.435999999999922,58.04,1461.813,29826.78000000001
46.488566,10.87556,1459.907,-1.9060000000001764,24.78,1459.907,29851.56000000001
46.48847,10.876438,1453.21,-6.696999999999889,68.06,1453.21,29919.62000000001
46.489069,10.875868,1442.161,-11.048999999999978,79.63,1442.161,29999.25000000001
46.489185,10.876306,1437.891,-4.269999999999982,35.93,1437.891,30035.18000000001
46.489988,10.877267,1421.592,-16.298999999999978,115.69,1421.592,30150.87000000001
46.490176,10.877745,1416.282,-5.310000000000173,42.14,1416.282,30193.01000000001
46.49005,10.878224,1414.745,-1.5370000000000346,39.26,1414.745,30232.270000000008
46.490177,10.877694,1415.757,1.012000000000171,42.96,1415.757,30275.230000000007
46.490781,10.878833,1411.821,-3.936000000000149,110.06,1411.821,30385.290000000008
46.490973,10.88126,1403.741,-8.079999999999927,187.02,1403.741,30572.31000000001
46.491676,10.882505,1401.305,-2.435999999999922,123.27,1401.305,30695.58000000001
46.49163,10.884804,1396.907,-4.398000000000138,176.07,1396.907,30871.65000000001
46.492832,10.887134,1383.529,-13.377999999999929,222.89,1383.529,31094.540000000008
46.493464,10.889604,1381.62,-1.9090000000001055,201.72,1381.62,31296.26000000001
46.494089,10.891109,1375.35,-6.269999999999982,134.55,1375.35,31430.81000000001
46.494434,10.892775,1367.151,-8.198999999999842,133.18,1367.151,31563.99000000001
46.494494,10.894108,1360.411,-6.740000000000009,102.26,1360.411,31666.250000000007
46.495406,10.895212,1352.784,-7.626999999999953,132.01,1352.784,31798.260000000006
46.495343,10.89811,1335.986,-16.798000000000002,221.95,1335.986,32020.210000000006
46.496305,10.899688,1327.292,-8.694000000000187,161.35,1327.292,32181.560000000005
46.496835,10.905048,1305.173,-22.118999999999915,414.5,1305.173,32596.060000000005
46.497233,10.906233,1299.82,-5.3530000000000655,100.93,1299.82,32696.990000000005
46.497478,10.906668,1297.907,-1.913000000000011,43.02,1297.907,32740.010000000006
46.499063,10.908284,1292.646,-5.260999999999967,215.32,1292.646,32955.33000000001
46.499467,10.909471,1287.867,-4.778999999999996,101.36,1287.867,33056.69000000001
46.500292,10.910939,1282.117,-5.75,145.06,1282.117,33201.75000000001
46.500761,10.912139,1279.728,-2.3889999999998963,105.62,1279.728,33307.37000000001
46.501939,10.912934,1272.968,-6.759999999999991,144.43,1272.968,33451.80000000001
46.502841,10.913907,1268.191,-4.777000000000044,124.92,1268.191,33576.72000000001
46.503209,10.914471,1266.733,-1.4580000000000837,59.48,1266.733,33636.20000000001
46.503548,10.915502,1262.814,-3.918999999999869,87.45,1262.814,33723.65000000001
46.504308,10.9166,1259.954,-2.8600000000001273,119.18,1259.954,33842.83000000001
46.505798,10.917289,1254.709,-5.244999999999891,173.87,1254.709,34016.70000000001
46.507688,10.9203,1247.507,-7.201999999999998,311.88,1247.507,34328.58000000001
46.507956,10.920847,1245.058,-2.449000000000069,51.39,1245.058,34379.97000000001
46.508157,10.922337,1243.179,-1.8789999999999054,116.2,1243.179,34496.170000000006
46.509588,10.924711,1243.659,0.4800000000000182,241.51,1243.659,34737.68000000001
46.509972,10.924228,1250.82,7.160999999999831,56.48,1250.82,34794.16000000001
46.510381,10.924435,1257.18,6.360000000000127,48.16,1257.18,34842.320000000014
46.510567,10.923715,1265.263,8.082999999999856,58.85,1265.263,34901.17000000001
46.5108,10.923798,1266.245,0.9819999999999709,26.68,1266.245,34927.85000000001
46.510896,10.923632,1262.853,-3.3919999999998254,16.59,1262.853,34944.44000000001
46.510892,10.923782,1264.304,1.4510000000000218,11.49,1264.304,34955.93000000001
46.511326,10.92395,1267.614,3.3099999999999454,49.94,1267.614,35005.87000000001
46.512245,10.923834,1280.107,12.492999999999938,102.57,1280.107,35108.44000000001
46.512713,10.924022,1286.932,6.8250000000000455,53.99,1286.932,35162.43000000001
46.513542,10.925633,1304.773,17.840999999999894,153.93,1304.773,35316.36000000001
46.513852,10.927086,1319.643,14.870000000000118,116.41,1319.643,35432.77000000001
46.514485,10.927677,1328.254,8.610999999999876,83.66,1328.254,35516.430000000015
46.515066,10.928786,1338.854,10.600000000000136,106.65,1338.854,35623.080000000016
46.515868,10.92958,1351.327,12.472999999999956,107.91,1351.327,35730.99000000002
46.517924,10.932426,1384.099,32.771999999999935,315.74,1384.099,36046.73000000002
46.518123,10.932621,1387.344,3.2450000000001182,26.69,1387.344,36073.42000000002
46.518913,10.9327,1397.405,10.060999999999922,88.05,1397.405,36161.47000000002
46.519376,10.933805,1408.015,10.610000000000127,98.99,1408.015,36260.46000000002
46.520719,10.935696,1425.307,17.291999999999916,207.93,1425.307,36468.39000000002
46.52123,10.935817,1428.731,3.423999999999978,57.57,1428.731,36525.96000000002
46.520751,10.935435,1433.072,4.3409999999998945,60.75,1433.072,36586.71000000002
46.520175,10.934154,1444.042,10.970000000000027,117.08,1444.042,36703.79000000002
46.519339,10.930558,1473.813,29.771000000000186,290.42,1473.813,36994.21000000002
46.518528,10.928703,1492.183,18.36999999999989,168.16,1492.183,37162.370000000024
46.518492,10.928192,1496.436,4.252999999999929,39.3,1496.436,37201.67000000003
46.520297,10.930096,1515.728,19.292000000000144,248.01,1515.728,37449.68000000003
46.520798,10.93161,1528.618,12.889999999999873,128.54,1528.618,37578.22000000003
46.521554,10.93289,1542.698,14.080000000000155,129.07,1542.698,37707.29000000003
46.521746,10.9328,1549.317,6.6189999999999145,22.43,1549.317,37729.72000000003
46.522438,10.931296,1560.807,11.490000000000009,138.43,1560.807,37868.15000000003
46.523218,10.931367,1567.678,6.871000000000095,86.9,1567.678,37955.05000000003
46.523406,10.932486,1575.769,8.090999999999894,88.13,1575.769,38043.18000000003
46.52386,10.933024,1582.049,6.279999999999973,65.14,1582.049,38108.32000000003
46.524404,10.933159,1583.46,1.4110000000000582,61.37,1583.46,38169.69000000003
46.524602,10.93361,1583.42,-0.03999999999996362,40.93,1583.42,38210.62000000003
46.525376,10.934407,1582.533,-0.887000000000171,105.48,1582.533,38316.100000000035
46.525786,10.935215,1581.515,-1.0179999999998017,76.81,1581.515,38392.91000000003
46.526886,10.936093,1587.317,5.801999999999907,139.54,1587.317,38532.45000000003
46.52736,10.937629,1595.587,8.269999999999982,128.79,1595.587,38661.240000000034
46.528164,10.939166,1598.315,2.7280000000000655,147.71,1598.315,38808.95000000003
46.52874,10.939898,1609.407,11.09199999999987,85.08,1609.407,38894.030000000035
46.529217,10.940175,1613.268,3.8610000000001037,57.12,1613.268,38951.15000000004
46.529594,10.940642,1619.039,5.770999999999958,55.08,1619.039,39006.23000000004
46.530201,10.94088,1622.429,3.3900000000001,69.91,1622.429,39076.14000000004
46.531788,10.942508,1622.48,0.05099999999993088,215.99,1622.48,39292.13000000004
46.533083,10.944869,1620.97,-1.509999999999991,230.99,1620.97,39523.12000000004
46.533992,10.945695,1621.473,0.5029999999999291,119.2,1621.473,39642.320000000036
46.534419,10.946499,1627.775,6.302000000000135,77.7,1627.775,39720.02000000003
46.535609,10.94787,1636.865,9.089999999999918,168.84,1636.865,39888.86000000003
46.536548,10.948578,1624.368,-12.497000000000071,117.62,1624.368,40006.48000000003
46.536372,10.948321,1631.514,7.145999999999958,27.74,1631.514,40034.22000000003
46.536537,10.948342,1632.907,1.393000000000029,18.42,1632.907,40052.64000000003
46.536794,10.948055,1634.933,2.0260000000000673,36.04,1634.933,40088.68000000003
46.537238,10.946921,1636.314,1.3810000000000855,99.81,1636.314,40188.49000000003
46.537381,10.945114,1645.974,9.659999999999854,139.13,1645.974,40327.620000000024
46.537762,10.944663,1653.655,7.68100000000004,54.63,1653.655,40382.25000000002
46.537997,10.944094,1659.985,6.329999999999927,50.76,1659.985,40433.010000000024
46.538849,10.943447,1671.968,11.983000000000175,106.88,1671.968,40539.89000000002
46.539832,10.941661,1687.73,15.761999999999944,174.95,1687.73,40714.84000000002
46.540512,10.940915,1702.291,14.560999999999922,94.73,1702.291,40809.57000000002
46.540911,10.940693,1708.981,6.690000000000055,47.5,1708.981,40857.07000000002
46.543258,10.937065,1716.619,7.63799999999992,380.92,1716.619,41237.99000000002
46.544075,10.936366,1712.307,-4.311999999999898,105.41,1712.307,41343.40000000002
46.544444,10.93558,1715.636,3.328999999999951,72.78,1715.636,41416.18000000002
46.54524,10.934434,1727.277,11.641000000000076,124.56,1727.277,41540.74000000002
46.545439,10.933458,1731.077,3.7999999999999545,77.85,1731.077,41618.59000000002
46.545897,10.932477,1732.998,1.9210000000000491,90.68,1732.998,41709.27000000002
46.545976,10.931685,1734.898,1.8999999999998636,61.2,1734.898,41770.470000000016
46.546745,10.928864,1736.311,1.413000000000011,232.07,1736.311,42002.540000000015
46.546904,10.928862,1731.093,-5.217999999999847,17.68,1731.093,42020.220000000016
46.549557,10.925512,1704.182,-26.911000000000058,390.71,1704.182,42410.930000000015
46.550206,10.92496,1708.443,4.260999999999967,83.6,1708.443,42494.53000000001
46.550649,10.924135,1714.217,5.774000000000115,80.04,1714.217,42574.570000000014
46.551173,10.924056,1716.107,1.8899999999998727,58.58,1716.107,42633.150000000016
46.551525,10.924535,1720.455,4.347999999999956,53.61,1720.455,42686.76000000002
46.551682,10.92453,1722.386,1.93100000000004,17.46,1722.386,42704.220000000016
46.551209,10.924014,1719.046,-3.339999999999918,65.75,1719.046,42769.970000000016
46.550677,10.924061,1716.167,-2.879000000000133,59.26,1716.167,42829.23000000002
46.5504,10.924507,1713.727,-2.439999999999827,45.96,1713.727,42875.19000000002
46.550272,10.924401,1713.26,-0.4670000000000982,16.38,1713.26,42891.570000000014
