time,latitude,longitude,altitude,altitude_diff,distance,speed,relative_elevation,cum_distance,counter
2014-09-18 06:23:32+00:00,46.363803,10.895592,764.931,0.0,0.0,0.0,0.0,0.0,0
2014-09-18 06:24:14+00:00,46.363687,10.895473,805.761,40.82999999999993,15.8,0.3761904761904762,40.82999999999993,0.0158,0
2014-09-18 06:25:37+00:00,46.363725,10.895574,824.007,18.24599999999998,8.83,0.1063855421686747,59.07599999999991,0.024630000000000003,0
2014-09-18 06:26:41+00:00,46.364231,10.895524,825.407,1.400000000000091,56.4,0.88125,60.476,0.08103,0
2014-09-18 06:28:02+00:00,46.365102,10.894322,831.75,6.342999999999961,133.74,1.6511111111111112,66.81899999999996,0.21477000000000002,0
2014-09-18 06:29:49+00:00,46.365479,10.891955,840.311,8.561000000000035,186.4,1.7420560747663552,75.38,0.40117,0
2014-09-18 06:31:38+00:00,46.366617,10.889439,849.921,9.610000000000014,230.83,2.117706422018349,84.99000000000001,0.632,0
2014-09-18 06:33:32+00:00,46.366933,10.887685,860.542,10.620999999999981,139.09,1.2200877192982456,95.61099999999999,0.77109,0
2014-09-18 06:34:08+00:00,46.367544,10.886942,863.992,3.449999999999932,88.69,2.463611111111111,99.06099999999992,0.85978,0
2014-09-18 06:35:16+00:00,46.368271,10.885282,873.075,9.083000000000084,150.86,2.218529411764706,108.144,1.01064,0
2014-09-18 06:36:03+00:00,46.369055,10.884236,874.927,1.8519999999999754,118.49,2.521063829787234,109.99599999999998,1.12913,0
2014-09-18 06:40:01+00:00,46.370471,10.881131,881.785,6.857999999999947,285.56,1.1998319327731093,116.85399999999993,1.4146899999999998,0
2014-09-18 06:41:35+00:00,46.371157,10.881039,881.789,0.004000000000019099,76.61,0.815,116.85799999999995,1.4912999999999996,0
2014-09-18 06:42:07+00:00,46.371697,10.880582,884.617,2.8279999999999745,69.53,2.1728125,119.68599999999992,1.5608299999999997,0
2014-09-18 06:43:29+00:00,46.372651,10.878285,890.307,5.690000000000055,205.69,2.5084146341463414,125.37599999999998,1.7665199999999996,0
2014-09-18 06:44:01+00:00,46.372749,10.877348,893.755,3.447999999999979,72.71,2.2721875,128.82399999999996,1.8392299999999997,0
2014-09-18 06:44:41+00:00,46.373185,10.876407,899.566,5.8110000000000355,86.96,2.174,134.635,1.9261899999999998,0
2014-09-18 06:45:10+00:00,46.373567,10.875981,894.296,-5.269999999999982,53.59,1.8479310344827586,129.365,1.9797799999999997,0
2014-09-18 06:45:31+00:00,46.373271,10.876301,899.067,4.770999999999958,41.06,1.9552380952380954,134.13599999999997,2.0208399999999997,0
2014-09-18 06:46:50+00:00,46.373895,10.8748,911.057,11.990000000000009,134.44,1.701772151898734,146.12599999999998,2.15528,0
2014-09-18 06:47:10+00:00,46.373936,10.874307,913.94,2.883000000000038,38.1,1.905,149.00900000000001,2.1933799999999994,0
2014-09-18 06:48:25+00:00,46.37468,10.872969,926.922,12.981999999999971,131.84,1.7578666666666667,161.99099999999999,2.32522,0
2014-09-18 06:49:20+00:00,46.375426,10.872206,936.037,9.115000000000009,101.53,1.846,171.106,2.42675,0
2014-09-18 06:50:06+00:00,46.375882,10.871462,944.649,8.611999999999966,76.35,1.659782608695652,179.71799999999996,2.5031,0
2014-09-18 06:51:20+00:00,46.376391,10.870238,958.113,13.464000000000055,109.64,1.4816216216216216,193.18200000000002,2.6127399999999996,0
2014-09-18 06:52:01+00:00,46.376524,10.869408,963.407,5.293999999999983,65.37,1.594390243902439,198.476,2.6781099999999998,0
2014-09-18 06:52:17+00:00,46.376724,10.869166,964.88,1.4729999999999563,28.97,1.810625,199.94899999999996,2.7070799999999995,0
2014-09-18 06:52:47+00:00,46.377256,10.868977,968.781,3.9009999999999536,60.91,2.030333333333333,203.8499999999999,2.7679899999999993,0
2014-09-18 06:53:04+00:00,46.377411,10.868559,969.621,0.8400000000000318,36.4,2.1411764705882352,204.68999999999994,2.8043899999999993,0
2014-09-18 06:55:39+00:00,46.378106,10.867864,963.982,-5.63900000000001,93.89,0.605741935483871,199.05099999999993,2.8982799999999993,0
2014-09-18 06:55:44+00:00,46.37826,10.86732,961.952,-2.0299999999999727,45.11,9.022,197.02099999999996,2.9433899999999995,0
2014-09-18 06:55:51+00:00,46.378642,10.866809,961.075,-0.8769999999999527,57.8,8.257142857142856,196.144,3.00119,0
2014-09-18 06:56:10+00:00,46.379731,10.866199,953.387,-7.688000000000102,129.82,6.832631578947368,188.4559999999999,3.13101,0
2014-09-18 06:56:35+00:00,46.379024,10.867339,941.384,-12.002999999999929,117.59,4.7036,176.45299999999997,3.2485999999999997,0
2014-09-18 06:56:50+00:00,46.378373,10.869213,934.507,-6.877000000000066,160.96,10.730666666666668,169.5759999999999,3.40956,0
2014-09-18 06:56:55+00:00,46.37826,10.869773,931.717,-2.7899999999999636,44.76,8.952,166.78599999999994,3.45432,0
2014-09-18 06:57:02+00:00,46.378456,10.870041,931.207,-0.5099999999999909,29.96,4.28,166.27599999999995,3.48428,0
2014-09-18 06:59:12+00:00,46.38086,10.86783,949.425,18.21799999999996,316.58,2.435230769230769,184.49399999999991,3.80086,0
2014-09-18 07:00:42+00:00,46.382612,10.866588,955.246,5.821000000000026,216.86,2.409555555555556,190.31499999999994,4.017720000000001,0
2014-09-18 07:01:54+00:00,46.38351,10.864707,965.896,10.649999999999977,175.47,2.4370833333333333,200.96499999999992,4.19319,0
2014-09-18 07:02:53+00:00,46.384674,10.863941,974.967,9.071000000000026,142.14,2.409152542372881,210.03599999999994,4.335330000000001,0
2014-09-18 07:03:56+00:00,46.385715,10.862601,985.537,10.57000000000005,154.8,2.4571428571428573,220.606,4.490130000000001,0
2014-09-18 07:05:38+00:00,46.388456,10.861925,994.66,9.122999999999934,309.16,3.030980392156863,229.72899999999993,4.799290000000001,0
2014-09-18 07:06:42+00:00,46.389937,10.861001,1002.872,8.211999999999989,179.28,2.80125,237.94099999999992,4.97857,0
2014-09-18 07:07:52+00:00,46.391372,10.859876,1014.822,11.950000000000045,181.4,2.5914285714285716,249.89099999999996,5.15997,0
2014-09-18 07:08:37+00:00,46.392367,10.859444,1023.962,9.139999999999986,115.49,2.5664444444444445,259.03099999999995,5.27546,0
2014-09-18 07:09:54+00:00,46.39341,10.857377,1038.808,14.846000000000004,196.42,2.550909090909091,273.87699999999995,5.4718800000000005,0
2014-09-18 07:11:04+00:00,46.394891,10.856325,1056.207,17.399000000000115,183.38,2.6197142857142857,291.27600000000007,5.65526,0
2014-09-18 07:11:17+00:00,46.395135,10.856001,1059.529,3.321999999999889,36.79,2.83,294.59799999999996,5.69205,0
2014-09-18 07:13:04+00:00,46.396178,10.852549,1081.65,22.121000000000095,289.02,2.7011214953271026,316.71900000000005,5.98107,0
2014-09-18 07:13:43+00:00,46.396766,10.851403,1088.48,6.829999999999927,109.54,2.8087179487179488,323.549,6.09061,0
2014-09-18 07:14:37+00:00,46.397801,10.850151,1096.021,7.54099999999994,149.88,2.7755555555555556,331.0899999999999,6.240489999999999,0
2014-09-18 07:18:13+00:00,46.400285,10.847711,1103.341,7.319999999999936,333.62,1.544537037037037,338.40999999999985,6.574109999999999,0
2014-09-18 07:18:29+00:00,46.400758,10.84698,1101.824,-1.5169999999998254,76.87,4.804375,336.89300000000003,6.65098,0
2014-09-18 08:05:58+00:00,46.401471,10.844361,1101.876,0.05199999999990723,215.91,0.07578448578448578,336.94499999999994,6.86689,0
2014-09-18 08:07:33+00:00,46.402544,10.8424,1113.344,11.468000000000075,191.95,2.0205263157894735,348.413,7.058839999999999,0
2014-09-18 08:08:53+00:00,46.402988,10.840332,1119.605,6.260999999999967,166.08,2.076,354.674,7.224919999999999,0
2014-09-18 08:10:04+00:00,46.404187,10.838599,1123.415,3.8099999999999454,188.24,2.651267605633803,358.4839999999999,7.413159999999999,0
2014-09-18 08:10:35+00:00,46.404541,10.8377,1126.807,3.3920000000000528,79.38,2.5606451612903225,361.876,7.492539999999999,0
2014-09-18 08:12:26+00:00,46.40457,10.834082,1142.281,15.473999999999933,277.43,2.4993693693693695,377.3499999999999,7.769969999999999,0
2014-09-18 08:14:25+00:00,46.405667,10.830414,1160.052,17.770999999999958,306.56,2.5761344537815125,395.12099999999987,8.07653,0
2014-09-18 08:15:35+00:00,46.40625,10.827306,1180.672,20.62000000000012,246.96,3.528,415.741,8.32349,0
2014-09-18 08:17:32+00:00,46.40809,10.822391,1175.833,-4.838999999999942,428.8,3.6649572649572653,410.90200000000004,8.752289999999999,0
2014-09-18 08:18:39+00:00,46.408171,10.819794,1183.043,7.209999999999809,199.32,2.974925373134328,418.11199999999985,8.951609999999999,0
2014-09-18 08:20:56+00:00,46.407929,10.81457,1199.436,16.39300000000003,401.43,2.93014598540146,434.5049999999999,9.353039999999998,0
2014-09-18 08:22:53+00:00,46.408674,10.817224,1222.028,22.5920000000001,219.7,1.8777777777777778,457.097,9.57274,0
2014-09-18 08:23:19+00:00,46.408673,10.817803,1228.727,6.699000000000069,44.39,1.7073076923076924,463.79600000000005,9.61713,0
2014-09-18 08:23:51+00:00,46.408971,10.818418,1235.968,7.2409999999999854,57.63,1.8009375,471.03700000000003,9.67476,0
2014-09-18 08:25:22+00:00,46.409326,10.820621,1254.214,18.245999999999867,173.45,1.906043956043956,489.2829999999999,9.84821,0
2014-09-18 08:26:28+00:00,46.410067,10.822368,1265.707,11.493000000000166,157.25,2.382575757575758,500.77600000000007,10.00546,0
2014-09-18 08:27:15+00:00,46.410226,10.823654,1276.399,10.69199999999978,100.17,2.131276595744681,511.46799999999985,10.10563,0
2014-09-18 08:28:04+00:00,46.410563,10.822567,1286.94,10.541000000000167,91.38,1.8648979591836734,522.009,10.197009999999999,0
2014-09-18 08:28:53+00:00,46.410545,10.821136,1297.91,10.970000000000027,109.73,2.2393877551020407,532.979,10.306739999999998,0
2014-09-18 08:29:16+00:00,46.410339,10.820454,1302.731,4.820999999999913,57.08,2.4817391304347827,537.8,10.363819999999999,0
2014-09-18 08:29:39+00:00,46.410572,10.820232,1309.531,6.7999999999999545,31.0,1.3478260869565217,544.5999999999999,10.394819999999998,0
2014-09-18 08:33:12+00:00,46.411282,10.824284,1325.314,15.78300000000013,320.53,1.5048356807511736,560.383,10.715349999999999,0
2014-09-18 08:34:08+00:00,46.411218,10.825987,1323.476,-1.8379999999999654,130.76,2.335,558.5450000000001,10.84611,0
2014-09-18 08:34:17+00:00,46.411356,10.826015,1324.826,1.349999999999909,15.49,1.721111111111111,559.895,10.8616,0
2014-09-18 08:34:34+00:00,46.411575,10.825781,1328.247,3.421000000000049,30.25,1.7794117647058822,563.316,10.891849999999998,0
2014-09-18 08:34:49+00:00,46.411389,10.825414,1331.611,3.3640000000000327,34.92,2.3280000000000003,566.6800000000001,10.92677,0
2014-09-18 08:35:10+00:00,46.411628,10.825082,1335.407,3.7959999999998217,36.8,1.7523809523809522,570.4759999999999,10.963569999999997,0
2014-09-18 08:35:30+00:00,46.411677,10.825512,1338.329,2.9220000000000255,33.41,1.6704999999999999,573.3979999999999,10.996979999999997,0
2014-09-18 08:37:43+00:00,46.412826,10.827991,1367.15,28.82100000000014,229.01,1.7218796992481202,602.219,11.225989999999998,0
2014-09-18 08:38:10+00:00,46.413018,10.827418,1372.41,5.259999999999991,48.84,1.808888888888889,607.479,11.274829999999998,0
2014-09-18 08:38:26+00:00,46.412997,10.826994,1375.351,2.941000000000031,32.59,2.036875,610.4200000000001,11.307419999999999,0
2014-09-18 08:39:38+00:00,46.413889,10.827878,1393.661,18.309999999999945,120.13,1.6684722222222221,628.73,11.427549999999998,0
2014-09-18 08:39:45+00:00,46.413992,10.82784,1396.064,2.40300000000002,11.82,1.6885714285714286,631.133,11.439369999999997,0
2014-09-18 08:40:10+00:00,46.414006,10.827297,1401.376,5.311999999999898,41.66,1.6663999999999999,636.4449999999999,11.481029999999997,0
2014-09-18 08:41:13+00:00,46.413218,10.825992,1409.095,7.719000000000051,132.99,2.110952380952381,644.164,11.614019999999996,0
2014-09-18 08:41:30+00:00,46.413091,10.825387,1408.049,-1.0460000000000491,48.48,2.8517647058823528,643.1179999999999,11.662499999999996,0
2014-09-18 08:42:37+00:00,46.413014,10.822912,1417.123,9.07400000000007,189.94,2.8349253731343285,652.192,11.852439999999996,0
2014-09-18 08:43:28+00:00,46.412659,10.820568,1419.007,1.8840000000000146,183.99,3.6076470588235297,654.076,12.036429999999998,0
2014-09-18 08:44:11+00:00,46.412909,10.821429,1429.136,10.128999999999905,71.62,1.6655813953488374,664.2049999999999,12.108049999999997,0
2014-09-18 08:44:52+00:00,46.413033,10.820644,1440.797,11.661000000000058,61.74,1.5058536585365854,675.866,12.169789999999997,0
2014-09-18 08:46:03+00:00,46.413504,10.822029,1456.167,15.36999999999989,118.39,1.6674647887323943,691.2359999999999,12.288179999999997,0
2014-09-18 08:46:56+00:00,46.414039,10.822875,1468.628,12.461000000000013,88.01,1.660566037735849,703.6969999999999,12.376189999999998,0
2014-09-18 08:47:30+00:00,46.414095,10.823489,1475.358,6.730000000000018,47.48,1.3964705882352941,710.4269999999999,12.423669999999996,0
2014-09-18 08:49:51+00:00,46.414492,10.823924,1483.041,7.682999999999993,55.32,0.3923404255319149,718.1099999999999,12.478989999999996,0
2014-09-18 08:53:01+00:00,46.415009,10.825256,1498.453,15.412000000000035,117.18,0.6167368421052631,733.5219999999999,12.596169999999997,0
2014-09-18 08:53:59+00:00,46.415534,10.825893,1511.379,12.92599999999993,76.11,1.312241379310345,746.4479999999999,12.672279999999997,0
2014-09-18 08:54:58+00:00,46.416214,10.826343,1525.805,14.426000000000158,83.11,1.40864406779661,760.874,12.755389999999998,0
2014-09-18 08:56:28+00:00,46.415799,10.824941,1545.025,19.220000000000027,116.96,1.2995555555555556,780.094,12.872349999999997,0
2014-09-18 08:59:29+00:00,46.415379,10.82153,1581.507,36.48199999999997,265.63,1.4675690607734806,816.576,13.137979999999995,0
2014-09-18 09:01:05+00:00,46.416064,10.822106,1596.984,15.476999999999862,88.04,0.9170833333333334,832.0529999999999,13.226019999999997,0
2014-09-18 09:02:09+00:00,46.416044,10.821122,1609.435,12.451000000000022,75.47,1.17921875,844.5039999999999,13.301489999999996,0
2014-09-18 09:03:01+00:00,46.416235,10.820298,1618.065,8.63000000000011,66.64,1.2815384615384615,853.134,13.368129999999995,0
2014-09-18 09:04:51+00:00,46.417306,10.818443,1640.236,22.17100000000005,185.48,1.686181818181818,875.3050000000001,13.553609999999995,0
2014-09-18 09:05:32+00:00,46.417479,10.817719,1648.836,8.599999999999909,58.74,1.4326829268292682,883.905,13.612349999999996,0
2014-09-18 09:10:22+00:00,46.417248,10.816102,1665.689,16.853000000000065,126.59,0.43651724137931036,900.758,13.738939999999996,0
2014-09-18 09:12:55+00:00,46.417945,10.813882,1694.971,29.281999999999925,187.0,1.2222222222222223,930.04,13.925939999999995,0
2014-09-18 09:14:13+00:00,46.418425,10.812923,1702.651,7.680000000000064,90.85,1.1647435897435896,937.72,14.016789999999995,0
2014-09-18 09:15:27+00:00,46.418767,10.811751,1722.801,20.149999999999864,97.56,1.3183783783783785,957.8699999999999,14.114349999999995,0
2014-09-18 09:16:04+00:00,46.419116,10.811362,1728.611,5.810000000000173,48.94,1.3227027027027027,963.6800000000001,14.163289999999995,0
2014-09-18 09:16:51+00:00,46.419247,10.812144,1735.307,6.695999999999913,61.69,1.3125531914893616,970.376,14.224979999999995,0
2014-09-18 09:18:38+00:00,46.419905,10.810589,1756.022,20.714999999999918,139.86,1.3071028037383179,991.0909999999999,14.364839999999997,0
2014-09-18 09:19:28+00:00,46.420064,10.809563,1766.183,10.161000000000058,80.61,1.6122,1001.252,14.445449999999997,0
2014-09-18 09:21:44+00:00,46.420101,10.80686,1792.583,26.40000000000009,207.24,1.5238235294117648,1027.652,14.652689999999996,0
2014-09-18 09:22:45+00:00,46.420536,10.805956,1803.184,10.600999999999885,84.51,1.3854098360655738,1038.253,14.737199999999998,0
2014-09-18 09:23:34+00:00,46.420542,10.806762,1810.344,7.160000000000082,61.79,1.2610204081632652,1045.413,14.798989999999998,0
2014-09-18 09:28:10+00:00,46.421025,10.808453,1818.047,7.7029999999999745,140.31,0.5083695652173913,1053.116,14.939299999999998,0
2014-09-18 09:28:43+00:00,46.420718,10.808607,1818.039,-0.008000000000038199,36.12,1.0945454545454545,1053.108,14.975419999999998,0
2014-09-18 09:29:22+00:00,46.420855,10.808477,1817.535,-0.5039999999999054,18.2,0.4666666666666667,1052.604,14.993619999999998,0
2014-09-18 09:34:27+00:00,46.420705,10.808769,1821.486,3.951000000000022,27.91,0.09150819672131148,1056.555,15.021529999999998,0
2014-09-18 09:35:14+00:00,46.420783,10.809495,1831.514,10.027999999999793,56.32,1.1982978723404256,1066.5829999999999,15.077849999999998,0
2014-09-18 09:37:11+00:00,46.421275,10.810933,1851.207,19.69300000000021,123.06,1.0517948717948717,1086.276,15.200909999999999,0
2014-09-18 09:38:21+00:00,46.421527,10.812443,1865.13,13.923000000000002,119.09,1.7012857142857143,1100.199,15.319999999999999,0
2014-09-18 09:38:45+00:00,46.421663,10.812845,1870.451,5.320999999999913,34.32,1.43,1105.52,15.354319999999998,0
2014-09-18 09:39:04+00:00,46.421858,10.812953,1873.341,2.8899999999998727,23.21,1.221578947368421,1108.4099999999999,15.377529999999997,0
2014-09-18 09:39:48+00:00,46.422222,10.812771,1878.132,4.791000000000167,42.81,0.9729545454545455,1113.201,15.420339999999996,0
2014-09-18 09:54:21+00:00,46.421962,10.812404,1887.212,9.079999999999927,40.34,0.04620847651775487,1122.281,15.460679999999996,0
2014-09-18 09:56:16+00:00,46.422302,10.812881,1883.875,-3.336999999999989,52.59,0.457304347826087,1118.944,15.513269999999997,0
2014-09-18 09:56:35+00:00,46.422545,10.812969,1886.777,2.9020000000000437,27.85,1.4657894736842105,1121.846,15.541119999999998,0
2014-09-18 09:56:59+00:00,46.423195,10.813637,1887.298,0.5209999999999582,88.58,3.6908333333333334,1122.367,15.629699999999998,0
2014-09-18 09:57:17+00:00,46.423075,10.814097,1887.715,0.4169999999999163,37.7,2.0944444444444446,1122.7839999999999,15.667399999999997,0
2014-09-18 09:57:53+00:00,46.423178,10.814854,1894.426,6.711000000000013,59.14,1.642777777777778,1129.495,15.726539999999996,0
2014-09-18 09:58:58+00:00,46.423644,10.815887,1906.007,11.581000000000131,94.63,1.4558461538461538,1141.076,15.821169999999997,0
2014-09-18 09:59:36+00:00,46.42361,10.816544,1913.226,7.219000000000051,50.5,1.3289473684210527,1148.295,15.871669999999996,0
2014-09-18 10:00:05+00:00,46.423809,10.817045,1918.937,5.710999999999785,44.32,1.5282758620689656,1154.0059999999999,15.915989999999995,0
2014-09-18 10:00:32+00:00,46.424037,10.817375,1922.337,3.400000000000091,35.81,1.3262962962962963,1157.406,15.951799999999995,0
2014-09-18 10:01:37+00:00,46.425066,10.817857,1929.018,6.68100000000004,120.24,1.8498461538461537,1164.087,16.072039999999994,0
2014-09-18 10:01:52+00:00,46.42528,10.818182,1930.598,1.5799999999999272,34.45,2.296666666666667,1165.667,16.106489999999997,0
2014-09-18 10:02:12+00:00,46.425661,10.818391,1924.251,-6.34699999999998,45.29,2.2645,1159.32,16.15178,0
2014-09-18 10:02:28+00:00,46.425945,10.818413,1931.013,6.761999999999944,31.62,1.97625,1166.0819999999999,16.1834,0
2014-09-18 10:02:53+00:00,46.426842,10.818074,1928.169,-2.8439999999998236,103.07,4.1228,1163.238,16.286469999999998,0
2014-09-18 10:03:23+00:00,46.42785,10.818238,1928.104,-0.06500000000005457,112.79,3.759666666666667,1163.173,16.399259999999998,0
2014-09-18 10:03:33+00:00,46.428109,10.818654,1928.524,0.4199999999998454,42.96,4.296,1163.5929999999998,16.44222,0
2014-09-18 10:04:04+00:00,46.428748,10.818758,1931.907,3.383000000000038,71.5,2.306451612903226,1166.9759999999999,16.51372,0
2014-09-18 10:04:19+00:00,46.429025,10.818979,1934.313,2.4060000000001764,35.15,2.3433333333333333,1169.382,16.548869999999997,0
2014-09-18 10:05:40+00:00,46.429764,10.819777,1947.844,13.530999999999949,102.43,1.264567901234568,1182.913,16.6513,0
2014-09-18 10:06:25+00:00,46.430028,10.820274,1954.084,6.240000000000009,48.09,1.0686666666666667,1189.153,16.69939,0
2014-09-18 10:06:58+00:00,46.42996,10.820623,1955.975,1.890999999999849,27.8,0.8424242424242424,1191.0439999999999,16.72719,0
2014-09-18 10:08:17+00:00,46.430071,10.820907,1956.915,0.9400000000000546,25.02,0.31670886075949367,1191.984,16.752209999999998,0
2014-09-18 10:14:58+00:00,46.429862,10.821301,1961.748,4.833000000000084,38.1,0.09501246882793017,1196.817,16.790309999999998,0
2014-09-18 10:15:45+00:00,46.42996,10.82178,1966.56,4.811999999999898,38.29,0.8146808510638298,1201.629,16.828599999999998,0
2014-09-18 10:18:20+00:00,46.428523,10.823873,1989.169,22.60900000000015,226.41,1.4607096774193549,1224.238,17.05501,0
2014-09-18 10:20:25+00:00,46.42679,10.825662,2007.904,18.7349999999999,236.5,1.892,1242.973,17.29151,0
2014-09-18 10:21:04+00:00,46.426641,10.826354,2013.124,5.220000000000027,55.57,1.4248717948717948,1248.193,17.34708,0
2014-09-18 10:22:12+00:00,46.42673,10.826796,2017.507,4.383000000000038,35.29,0.5189705882352941,1252.576,17.382369999999998,0
2014-09-18 10:24:11+00:00,46.427274,10.826925,2031.493,13.985999999999876,61.29,0.5150420168067227,1266.562,17.44366,0
2014-09-18 10:26:39+00:00,46.428461,10.827813,2050.644,19.15099999999984,148.5,1.0033783783783783,1285.7129999999997,17.59216,0
2014-09-18 10:27:36+00:00,46.428873,10.828316,2057.494,6.850000000000364,59.87,1.0503508771929824,1292.563,17.65203,0
2014-09-18 10:28:30+00:00,46.42902,10.829087,2063.695,6.201000000000022,61.31,1.1353703703703704,1298.7640000000001,17.71334,0
2014-09-18 10:29:12+00:00,46.429326,10.829435,2067.975,4.279999999999745,43.23,1.0292857142857141,1303.0439999999999,17.75657,0
2014-09-18 10:29:49+00:00,46.429441,10.829952,2070.398,2.423000000000229,41.64,1.1254054054054055,1305.467,17.798209999999997,0
2014-09-18 10:30:25+00:00,46.429255,10.830312,2074.26,3.86200000000008,34.48,0.9577777777777777,1309.3290000000002,17.83269,0
2014-09-18 10:33:30+00:00,46.428398,10.831021,2100.669,26.40899999999965,109.7,0.592972972972973,1335.7379999999998,17.94239,0
2014-09-18 10:34:03+00:00,46.428346,10.83126,2104.904,4.235000000000127,19.21,0.5821212121212122,1339.973,17.961599999999997,0
2014-09-18 10:39:33+00:00,46.429294,10.831939,2139.624,34.7199999999998,117.56,0.35624242424242425,1374.6929999999998,18.079159999999998,0
2014-09-18 10:43:56+00:00,46.430241,10.832023,2166.007,26.383000000000266,105.5,0.4011406844106464,1401.076,18.18466,0
2014-09-18 10:44:27+00:00,46.430371,10.832199,2168.933,2.925999999999931,19.77,0.6377419354838709,1404.002,18.20443,0
2014-09-18 10:46:09+00:00,46.430494,10.833199,2177.094,8.161000000000058,77.85,0.763235294117647,1412.163,18.28228,0
2014-09-18 10:47:46+00:00,46.430092,10.833844,2186.764,9.670000000000073,66.65,0.6871134020618558,1421.833,18.34893,0
2014-09-18 10:51:51+00:00,46.430043,10.835496,2193.955,7.1909999999998035,126.73,0.517265306122449,1429.024,18.47566,0
2014-09-18 10:53:43+00:00,46.429578,10.836306,2204.495,10.539999999999964,80.79,0.7213392857142857,1439.5639999999999,18.55645,0
2014-09-18 10:54:44+00:00,46.429579,10.836832,2212.658,8.163000000000011,40.31,0.6608196721311476,1447.7269999999999,18.596760000000003,0
2014-09-18 10:57:24+00:00,46.429162,10.838352,2229.46,16.802000000000135,125.38,0.783625,1464.529,18.722140000000003,0
2014-09-18 10:58:59+00:00,46.429552,10.83811,2238.189,8.728999999999814,47.17,0.4965263157894737,1473.2579999999998,18.76931,0
2014-09-18 11:00:17+00:00,46.430076,10.838057,2243.906,5.717000000000098,58.41,0.7488461538461538,1478.975,18.827720000000003,0
2014-09-18 11:03:14+00:00,46.431111,10.83715,2256.826,12.920000000000073,134.45,0.7596045197740112,1491.895,18.96217,0
2014-09-18 11:04:33+00:00,46.43145,10.836487,2260.707,3.880999999999858,63.27,0.8008860759493671,1495.7759999999998,19.025440000000003,0
2014-09-18 11:05:25+00:00,46.431518,10.835715,2263.695,2.9880000000002838,59.65,1.1471153846153845,1498.7640000000001,19.085090000000005,0
2014-09-18 11:05:56+00:00,46.431783,10.835279,2264.576,0.8809999999998581,44.55,1.4370967741935483,1499.645,19.129640000000002,0
2014-09-18 11:10:12+00:00,46.432964,10.834955,2284.246,19.670000000000073,133.65,0.5220703125,1519.315,19.263290000000005,0
2014-09-18 11:11:04+00:00,46.433263,10.834659,2289.057,4.810999999999694,40.25,0.7740384615384616,1524.1259999999997,19.303540000000005,0
2014-09-18 11:11:56+00:00,46.433303,10.834171,2295.327,6.270000000000437,37.66,0.7242307692307691,1530.3960000000002,19.341200000000004,0
2014-09-18 11:13:06+00:00,46.433754,10.833724,2298.77,3.4429999999997563,60.73,0.8675714285714285,1533.839,19.401930000000004,0
2014-09-18 11:20:19+00:00,46.434356,10.832249,2317.442,18.672000000000025,131.37,0.30339491916859124,1552.511,19.533300000000004,0
2014-09-18 11:21:48+00:00,46.434369,10.831077,2318.436,0.9940000000001419,89.83,1.0093258426966292,1553.505,19.623130000000003,0
2014-09-18 11:23:43+00:00,46.434727,10.829709,2325.117,6.68100000000004,112.14,0.9751304347826087,1560.1860000000001,19.735270000000003,0
2014-09-18 11:25:34+00:00,46.434582,10.828116,2332.318,7.201000000000022,123.14,1.1093693693693694,1567.3870000000002,19.858410000000003,0
2014-09-18 11:27:57+00:00,46.43483,10.826566,2345.807,13.488999999999578,121.94,0.8527272727272727,1580.8759999999997,19.98035,0
2014-09-18 11:33:04+00:00,46.435513,10.825684,2353.98,8.17300000000023,101.67,0.3311726384364821,1589.049,20.08202,0
2014-09-18 11:35:34+00:00,46.436552,10.824979,2371.281,17.30099999999993,127.54,0.8502666666666667,1606.35,20.20956,0
2014-09-18 11:37:40+00:00,46.437359,10.823994,2376.021,4.7400000000002365,117.26,0.9306349206349207,1611.0900000000001,20.32682,0
2014-09-18 11:41:20+00:00,46.438685,10.822948,2391.972,15.951000000000022,167.82,0.7628181818181818,1627.0410000000002,20.49464,0
2014-09-18 11:45:04+00:00,46.44022,10.821199,2420.342,28.36999999999989,217.01,0.9687946428571428,1655.411,20.71165,0
2014-09-18 12:42:17+00:00,46.44027,10.820764,2434.265,13.922999999999774,33.79,0.00984270317506554,1669.3339999999998,20.74544,0
2014-09-18 12:44:35+00:00,46.44033,10.821132,2433.727,-0.5380000000000109,28.98,0.21,1668.7959999999998,20.77442,0
2014-09-18 12:46:15+00:00,46.440539,10.820991,2440.951,7.22400000000016,25.63,0.2563,1676.02,20.80005,0
2014-09-18 12:48:18+00:00,46.440828,10.821361,2452.501,11.550000000000182,42.85,0.3483739837398374,1687.5700000000002,20.842899999999997,0
2014-09-18 12:49:35+00:00,46.441061,10.821324,2460.611,8.109999999999673,26.06,0.33844155844155843,1695.6799999999998,20.868959999999998,0
2014-09-18 12:50:36+00:00,46.441384,10.821618,2466.407,5.7960000000002765,42.4,0.6950819672131148,1701.476,20.911360000000002,0
2014-09-18 12:53:39+00:00,46.441848,10.82162,2464.072,-2.3350000000000364,51.59,0.28191256830601097,1699.141,20.96295,0
2014-09-18 12:55:34+00:00,46.442504,10.822304,2461.663,-2.4090000000001055,89.82,0.7810434782608695,1696.732,21.05277,0
2014-09-18 12:56:39+00:00,46.443191,10.822349,2453.953,-7.710000000000036,76.47,1.1764615384615384,1689.022,21.129240000000003,0
2014-09-18 12:58:27+00:00,46.443862,10.822659,2438.084,-15.869000000000142,78.3,0.725,1673.1529999999998,21.20754,0
2014-09-18 12:59:16+00:00,46.444599,10.823116,2416.934,-21.149999999999636,89.12,1.8187755102040817,1652.0030000000002,21.29666,0
2014-09-18 12:59:58+00:00,46.444469,10.823314,2410.657,-6.277000000000044,20.95,0.4988095238095238,1645.726,21.317610000000002,0
2014-09-18 13:00:34+00:00,46.444727,10.823801,2405.889,-4.768000000000029,47.07,1.3075,1640.958,21.36468,0
2014-09-18 13:02:10+00:00,46.445158,10.826134,2404.427,-1.461999999999989,185.07,1.9278125,1639.496,21.54975,0
2014-09-18 13:02:58+00:00,46.445762,10.827115,2398.268,-6.1590000000001055,100.8,2.1,1633.337,21.65055,0
2014-09-18 13:03:26+00:00,46.4455,10.828353,2384.214,-14.054000000000087,99.23,3.5439285714285718,1619.283,21.749779999999998,0
2014-09-18 13:08:06+00:00,46.445715,10.829514,2381.807,-2.407000000000153,92.11,0.3289642857142857,1616.8759999999997,21.84189,0
2014-09-18 13:10:28+00:00,46.445376,10.83143,2355.479,-26.327999999999975,151.56,1.067323943661972,1590.5479999999998,21.99345,0
2014-09-18 13:11:41+00:00,46.445564,10.832013,2347.73,-7.748999999999796,49.32,0.6756164383561644,1582.799,22.04277,0
2014-09-18 13:13:07+00:00,46.445712,10.83456,2301.15,-46.57999999999993,195.84,2.2772093023255815,1536.219,22.23861,0
2014-09-18 13:13:19+00:00,46.445898,10.834656,2300.161,-0.9890000000000327,21.95,1.8291666666666666,1535.23,22.26056,0
2014-09-18 13:14:48+00:00,46.446874,10.834082,2281.451,-18.710000000000036,117.1,1.3157303370786517,1516.52,22.37766,0
2014-09-18 13:15:08+00:00,46.446664,10.832736,2268.424,-13.027000000000044,105.74,5.287,1503.493,22.483400000000003,0
2014-09-18 13:15:26+00:00,46.446957,10.83164,2254.946,-13.478000000000065,90.07,5.003888888888889,1490.0149999999999,22.57347,0
2014-09-18 13:15:42+00:00,46.447238,10.832817,2239.541,-15.404999999999745,95.44,5.965,1474.6100000000001,22.66891,0
2014-09-18 13:16:09+00:00,46.448439,10.834956,2211.281,-28.26000000000022,211.4,7.82962962962963,1446.35,22.88031,0
2014-09-18 13:16:26+00:00,46.448544,10.836836,2185.709,-25.572000000000116,144.51,8.500588235294117,1420.7779999999998,23.02482,0
2014-09-18 13:16:39+00:00,46.449245,10.838187,2167.907,-17.80199999999968,129.57,9.966923076923077,1402.976,23.15439,0
2014-09-18 13:16:52+00:00,46.450202,10.839089,2149.231,-18.67599999999993,126.88,9.76,1384.3000000000002,23.28127,0
2014-09-18 13:18:47+00:00,46.450783,10.839916,2128.522,-20.709000000000287,90.49,0.7868695652173913,1363.591,23.371760000000002,0
2014-09-18 13:19:08+00:00,46.450973,10.839997,2122.752,-5.769999999999982,22.02,1.0485714285714285,1357.821,23.393780000000003,0
2014-09-18 13:19:47+00:00,46.451405,10.839604,2113.153,-9.59900000000016,56.69,1.4535897435897436,1348.2219999999998,23.450470000000003,0
2014-09-18 13:19:56+00:00,46.451898,10.83964,2102.543,-10.609999999999673,54.89,6.098888888888889,1337.612,23.50536,0
2014-09-18 13:20:16+00:00,46.452356,10.841001,2074.246,-28.297000000000025,116.04,5.8020000000000005,1309.315,23.6214,0
2014-09-18 13:20:38+00:00,46.453191,10.842353,2043.418,-30.828000000000202,139.1,6.322727272727272,1278.4869999999999,23.7605,0
2014-09-18 13:20:52+00:00,46.45312,10.843588,2028.056,-15.361999999999853,94.94,6.781428571428571,1263.125,23.855439999999998,0
2014-09-18 13:25:49+00:00,46.453263,10.844104,2021.859,-6.197000000000116,42.61,0.14346801346801347,1256.9279999999999,23.898049999999998,0
2014-09-18 13:26:22+00:00,46.454187,10.846095,1986.214,-35.64499999999998,183.9,5.572727272727273,1221.283,24.08195,0
2014-09-18 13:27:00+00:00,46.454718,10.848861,1953.507,-32.70699999999988,219.96,5.78842105263158,1188.576,24.30191,0
2014-09-18 13:27:29+00:00,46.455413,10.850846,1925.752,-27.75500000000011,170.57,5.881724137931034,1160.821,24.47248,0
2014-09-18 13:27:38+00:00,46.455853,10.851501,1913.223,-12.528999999999996,70.08,7.786666666666666,1148.292,24.54256,0
2014-09-18 13:28:15+00:00,46.456714,10.854061,1888.763,-24.460000000000036,218.23,5.898108108108108,1123.8319999999999,24.76079,0
2014-09-18 13:28:22+00:00,46.457021,10.85444,1888.244,-0.5190000000000055,44.81,6.401428571428572,1123.3129999999999,24.805600000000002,0
2014-09-18 13:28:40+00:00,46.457683,10.854506,1887.764,-0.4800000000000182,73.78,4.098888888888889,1122.8329999999999,24.87938,0
2014-09-18 13:29:04+00:00,46.458803,10.855049,1881.067,-6.696999999999889,131.3,5.470833333333334,1116.136,25.01068,0
2014-09-18 13:29:42+00:00,46.461184,10.857256,1845.939,-35.12799999999993,314.12,8.266315789473685,1081.008,25.3248,0
2014-09-18 13:29:52+00:00,46.461886,10.857741,1839.697,-6.242000000000189,86.45,8.645,1074.7659999999998,25.41125,0
2014-09-18 13:30:15+00:00,46.462685,10.859342,1823.323,-16.373999999999796,151.43,6.583913043478261,1058.392,25.56268,0
2014-09-18 13:30:34+00:00,46.463588,10.86072,1808.425,-14.898000000000138,145.68,7.667368421052632,1043.494,25.70836,0
2014-09-18 13:30:56+00:00,46.464346,10.862665,1793.007,-15.417999999999893,171.16,7.78,1028.076,25.87952,0
2014-09-18 13:31:22+00:00,46.466209,10.863943,1770.986,-22.020999999999958,229.12,8.812307692307693,1006.0550000000001,26.10864,0
2014-09-18 13:31:41+00:00,46.465182,10.862407,1755.577,-15.409000000000106,163.95,8.628947368421052,990.646,26.27259,0
2014-09-18 13:31:56+00:00,46.465083,10.861284,1748.337,-7.240000000000009,86.71,5.780666666666666,983.406,26.359299999999998,0
2014-09-18 13:32:09+00:00,46.465467,10.862277,1741.118,-7.219000000000051,87.22,6.7092307692307696,976.1869999999999,26.44652,0
2014-09-18 13:32:21+00:00,46.466093,10.862811,1733.428,-7.689999999999827,80.73,6.7275,968.4970000000001,26.52725,0
2014-09-18 13:32:32+00:00,46.46682,10.862726,1726.781,-6.647000000000162,81.1,7.372727272727272,961.8499999999999,26.608349999999998,0
2014-09-18 13:32:41+00:00,46.467375,10.863,1720.953,-5.8279999999999745,65.18,7.242222222222223,956.0219999999999,26.67353,0
2014-09-18 13:32:54+00:00,46.468267,10.862851,1714.242,-6.711000000000013,99.84,7.680000000000001,949.3109999999999,26.77337,0
2014-09-18 13:33:16+00:00,46.469297,10.863271,1704.622,-9.61999999999989,118.96,5.407272727272727,939.691,26.892329999999998,0
2014-09-18 13:33:40+00:00,46.46972,10.863122,1703.114,-1.5080000000000382,48.4,2.0166666666666666,938.183,26.94073,0
2014-09-18 13:38:40+00:00,46.470859,10.864614,1699.807,-3.3070000000000164,170.58,0.5686,934.876,27.11131,0
2014-09-18 13:39:05+00:00,46.472184,10.864663,1691.191,-8.615999999999985,147.38,5.8952,926.26,27.25869,0
2014-09-18 13:39:21+00:00,46.473314,10.865383,1681.582,-9.608999999999924,137.22,8.57625,916.6510000000001,27.395910000000004,0
2014-09-18 13:39:35+00:00,46.474253,10.865266,1677.632,-3.9500000000000455,104.8,7.485714285714286,912.701,27.50071,0
2014-09-18 13:39:52+00:00,46.474911,10.865523,1671.943,-5.689000000000078,75.77,4.457058823529412,907.012,27.576480000000004,0
2014-09-18 13:40:06+00:00,46.475792,10.865581,1662.373,-9.569999999999936,98.06,7.0042857142857144,897.442,27.674540000000004,0
2014-09-18 13:40:37+00:00,46.478003,10.866794,1640.236,-22.136999999999944,262.81,8.477741935483872,875.3050000000001,27.937350000000006,0
2014-09-18 13:40:45+00:00,46.478685,10.866829,1634.998,-5.238000000000056,75.88,9.485,870.067,28.013230000000007,0
2014-09-18 13:41:03+00:00,46.480145,10.867198,1618.079,-16.919000000000096,164.79,9.155,853.1479999999999,28.178020000000007,0
2014-09-18 13:41:24+00:00,46.481293,10.867199,1604.605,-13.473999999999933,127.65,6.078571428571429,839.674,28.30567000000001,0
2014-09-18 13:41:39+00:00,46.482383,10.867565,1592.125,-12.480000000000018,124.4,8.293333333333333,827.194,28.43007000000001,0
2014-09-18 13:41:58+00:00,46.484055,10.867785,1572.907,-19.218000000000075,186.68,9.825263157894737,807.9759999999999,28.61675000000001,0
2014-09-18 13:42:09+00:00,46.484861,10.868405,1562.314,-10.592999999999847,101.42,9.22,797.383,28.718170000000008,0
2014-09-18 13:42:22+00:00,46.4855,10.869475,1553.215,-9.09900000000016,108.44,8.34153846153846,788.2839999999999,28.82661000000001,0
2014-09-18 13:42:35+00:00,46.485466,10.868539,1546.935,-6.279999999999973,71.76,5.5200000000000005,782.0039999999999,28.898370000000007,0
2014-09-18 13:42:38+00:00,46.485558,10.868509,1545.536,-1.3989999999998872,10.48,3.4933333333333336,780.605,28.908850000000005,0
2014-09-18 13:43:12+00:00,46.48656,10.871878,1520.016,-25.519999999999982,280.97,8.263823529411766,755.085,29.189820000000008,0
2014-09-18 13:43:21+00:00,46.486806,10.87326,1510.469,-9.547000000000025,109.29,12.143333333333334,745.538,29.29911000000001,0
2014-09-18 13:44:01+00:00,46.487977,10.877626,1475.891,-34.577999999999975,358.72,8.968,710.96,29.657830000000008,0
2014-09-18 13:44:06+00:00,46.488196,10.877539,1473.837,-2.0540000000000873,25.25,5.05,708.906,29.683080000000007,0
2014-09-18 13:44:19+00:00,46.488603,10.876589,1466.249,-7.587999999999965,85.66,6.589230769230769,701.318,29.768740000000008,0
2014-09-18 13:44:26+00:00,46.488679,10.875839,1461.813,-4.435999999999922,58.04,8.291428571428572,696.8820000000001,29.82678000000001,0
2014-09-18 13:44:29+00:00,46.488566,10.87556,1459.907,-1.9060000000001764,24.78,8.26,694.9759999999999,29.85156000000001,0
2014-09-18 13:44:42+00:00,46.48847,10.876438,1453.21,-6.696999999999889,68.06,5.235384615384616,688.279,29.91962000000001,0
2014-09-18 13:44:56+00:00,46.489069,10.875868,1442.161,-11.048999999999978,79.63,5.687857142857142,677.23,29.99925000000001,0
2014-09-18 13:46:21+00:00,46.489185,10.876306,1437.891,-4.269999999999982,35.93,0.42270588235294115,672.96,30.03518000000001,0
2014-09-18 13:47:03+00:00,46.489988,10.877267,1421.592,-16.298999999999978,115.69,2.7545238095238096,656.6610000000001,30.15087000000001,0
2014-09-18 13:47:17+00:00,46.490176,10.877745,1416.282,-5.310000000000173,42.14,3.0100000000000002,651.3509999999999,30.193010000000008,0
2014-09-18 13:48:08+00:00,46.49005,10.878224,1414.745,-1.5370000000000346,39.26,0.7698039215686274,649.8139999999999,30.232270000000007,0
2014-09-18 13:48:39+00:00,46.490177,10.877694,1415.757,1.012000000000171,42.96,1.3858064516129032,650.826,30.275230000000008,0
2014-09-18 13:49:12+00:00,46.490781,10.878833,1411.821,-3.936000000000149,110.06,3.3351515151515154,646.8899999999999,30.38529000000001,0
2014-09-18 13:49:45+00:00,46.490973,10.88126,1403.741,-8.079999999999927,187.02,5.667272727272728,638.81,30.57231000000001,0
2014-09-18 13:50:02+00:00,46.491676,10.882505,1401.305,-2.435999999999922,123.27,7.251176470588235,636.374,30.69558000000001,0
2014-09-18 13:50:30+00:00,46.49163,10.884804,1396.907,-4.398000000000138,176.07,6.288214285714285,631.9759999999999,30.87165000000001,0
2014-09-18 13:50:50+00:00,46.492832,10.887134,1383.529,-13.377999999999929,222.89,11.144499999999999,618.598,31.09454000000001,0
2014-09-18 13:51:15+00:00,46.493464,10.889604,1381.62,-1.9090000000001055,201.72,8.0688,616.6889999999999,31.29626000000001,0
2014-09-18 13:51:32+00:00,46.494089,10.891109,1375.35,-6.269999999999982,134.55,7.9147058823529415,610.4189999999999,31.430810000000008,0
2014-09-18 13:51:45+00:00,46.494434,10.892775,1367.151,-8.198999999999842,133.18,10.244615384615384,602.22,31.563990000000008,0
2014-09-18 13:51:54+00:00,46.494494,10.894108,1360.411,-6.740000000000009,102.26,11.362222222222222,595.48,31.66625000000001,0
2014-09-18 13:52:05+00:00,46.495406,10.895212,1352.784,-7.626999999999953,132.01,12.00090909090909,587.8530000000001,31.798260000000006,0
2014-09-18 13:52:22+00:00,46.495343,10.89811,1335.986,-16.798000000000002,221.95,13.055882352941175,571.0550000000001,32.020210000000006,0
2014-09-18 13:52:35+00:00,46.496305,10.899688,1327.292,-8.694000000000187,161.35,12.411538461538461,562.3609999999999,32.181560000000005,0
2014-09-18 13:53:10+00:00,46.496835,10.905048,1305.173,-22.118999999999915,414.5,11.842857142857143,540.242,32.59606000000001,0
2014-09-18 13:53:19+00:00,46.497233,10.906233,1299.82,-5.3530000000000655,100.93,11.214444444444446,534.8889999999999,32.69699000000001,0
2014-09-18 13:53:23+00:00,46.497478,10.906668,1297.907,-1.913000000000011,43.02,10.755,532.9759999999999,32.740010000000005,0
2014-09-18 13:53:47+00:00,46.499063,10.908284,1292.646,-5.260999999999967,215.32,8.971666666666666,527.7149999999999,32.95533000000001,0
2014-09-18 13:53:57+00:00,46.499467,10.909471,1287.867,-4.778999999999996,101.36,10.136,522.9359999999999,33.05669000000001,0
2014-09-18 13:54:11+00:00,46.500292,10.910939,1282.117,-5.75,145.06,10.361428571428572,517.1859999999999,33.201750000000004,0
2014-09-18 13:54:22+00:00,46.500761,10.912139,1279.728,-2.3889999999998963,105.62,9.601818181818182,514.797,33.30737000000001,0
2014-09-18 13:54:36+00:00,46.501939,10.912934,1272.968,-6.759999999999991,144.43,10.316428571428572,508.03700000000003,33.45180000000001,0
2014-09-18 13:54:48+00:00,46.502841,10.913907,1268.191,-4.777000000000044,124.92,10.41,503.26,33.57672000000001,0
2014-09-18 13:54:54+00:00,46.503209,10.914471,1266.733,-1.4580000000000837,59.48,9.913333333333332,501.8019999999999,33.63620000000001,0
2014-09-18 13:55:03+00:00,46.503548,10.915502,1262.814,-3.918999999999869,87.45,9.716666666666667,497.88300000000004,33.723650000000006,0
2014-09-18 13:55:16+00:00,46.504308,10.9166,1259.954,-2.8600000000001273,119.18,9.167692307692308,495.0229999999999,33.842830000000006,0
2014-09-18 13:55:36+00:00,46.505798,10.917289,1254.709,-5.244999999999891,173.87,8.6935,489.778,34.016700000000014,0
2014-09-18 13:56:16+00:00,46.507688,10.9203,1247.507,-7.201999999999998,311.88,7.797,482.576,34.32858000000001,0
2014-09-18 13:56:54+00:00,46.507956,10.920847,1245.058,-2.449000000000069,51.39,1.3523684210526317,480.12699999999995,34.37997000000001,0
2014-09-18 13:58:27+00:00,46.508157,10.922337,1243.179,-1.8789999999999054,116.2,1.249462365591398,478.24800000000005,34.496170000000006,0
2014-09-18 13:59:18+00:00,46.509588,10.924711,1243.659,0.4800000000000182,241.51,4.735490196078431,478.72800000000007,34.737680000000005,0
2014-09-18 13:59:49+00:00,46.509972,10.924228,1250.82,7.160999999999831,56.48,1.8219354838709676,485.8889999999999,34.79416000000001,0
2014-09-18 14:00:24+00:00,46.510381,10.924435,1257.18,6.360000000000127,48.16,1.376,492.249,34.842320000000015,0
2014-09-18 14:01:22+00:00,46.510567,10.923715,1265.263,8.082999999999856,58.85,1.014655172413793,500.3319999999999,34.901170000000015,0
2014-09-18 14:10:23+00:00,46.5108,10.923798,1266.245,0.9819999999999709,26.68,0.04931608133086876,501.31399999999985,34.927850000000014,0
2014-09-18 14:25:29+00:00,46.510896,10.923632,1262.853,-3.3919999999998254,16.59,0.018311258278145694,497.922,34.94444000000001,0
2014-09-18 14:31:21+00:00,46.510892,10.923782,1264.304,1.4510000000000218,11.49,0.03264204545454546,499.37300000000005,34.95593000000001,0
2014-09-18 14:32:03+00:00,46.511326,10.92395,1267.614,3.3099999999999454,49.94,1.189047619047619,502.683,35.00587000000001,0
2014-09-18 14:33:27+00:00,46.512245,10.923834,1280.107,12.492999999999938,102.57,1.2210714285714286,515.1759999999999,35.10844000000001,0
2014-09-18 14:34:09+00:00,46.512713,10.924022,1286.932,6.8250000000000455,53.99,1.2854761904761904,522.001,35.16243000000001,0
2014-09-18 14:35:55+00:00,46.513542,10.925633,1304.773,17.840999999999894,153.93,1.4521698113207548,539.8419999999999,35.31636000000001,0
2014-09-18 14:37:21+00:00,46.513852,10.927086,1319.643,14.870000000000118,116.41,1.3536046511627906,554.712,35.43277000000001,0
2014-09-18 14:38:17+00:00,46.514485,10.927677,1328.254,8.610999999999876,83.66,1.4939285714285713,563.3229999999999,35.516430000000014,0
2014-09-18 14:39:25+00:00,46.515066,10.928786,1338.854,10.600000000000136,106.65,1.5683823529411764,573.923,35.623080000000016,0
2014-09-18 14:40:37+00:00,46.515868,10.92958,1351.327,12.472999999999956,107.91,1.49875,586.396,35.73099000000002,0
2014-09-18 14:44:14+00:00,46.517924,10.932426,1384.099,32.771999999999935,315.74,1.4550230414746543,619.1679999999999,36.04673000000002,0
2014-09-18 14:44:34+00:00,46.518123,10.932621,1387.344,3.2450000000001182,26.69,1.3345,622.413,36.07342000000002,0
2014-09-18 14:45:35+00:00,46.518913,10.9327,1397.405,10.060999999999922,88.05,1.4434426229508197,632.4739999999999,36.16147000000002,0
2014-09-18 14:46:44+00:00,46.519376,10.933805,1408.015,10.610000000000127,98.99,1.4346376811594201,643.0840000000001,36.26046000000002,0
2014-09-18 14:48:44+00:00,46.520719,10.935696,1425.307,17.291999999999916,207.93,1.73275,660.376,36.46839000000002,0
2014-09-18 14:49:16+00:00,46.52123,10.935817,1428.731,3.423999999999978,57.57,1.7990625,663.8,36.52596000000002,0
2014-09-18 14:49:54+00:00,46.520751,10.935435,1433.072,4.3409999999998945,60.75,1.5986842105263157,668.1409999999998,36.58671000000002,0
2014-09-18 14:51:10+00:00,46.520175,10.934154,1444.042,10.970000000000027,117.08,1.5405263157894737,679.1109999999999,36.70379000000002,0
2014-09-18 14:54:15+00:00,46.519339,10.930558,1473.813,29.771000000000186,290.42,1.569837837837838,708.8820000000001,36.994210000000024,0
2014-09-18 14:56:00+00:00,46.518528,10.928703,1492.183,18.36999999999989,168.16,1.6015238095238096,727.252,37.162370000000024,0
2014-09-18 14:56:25+00:00,46.518492,10.928192,1496.436,4.252999999999929,39.3,1.5719999999999998,731.5049999999999,37.20167000000003,0
2014-09-18 14:58:38+00:00,46.520297,10.930096,1515.728,19.292000000000144,248.01,1.864736842105263,750.797,37.44968000000003,0
2014-09-18 14:59:48+00:00,46.520798,10.93161,1528.618,12.889999999999873,128.54,1.836285714285714,763.6869999999999,37.57822000000003,0
2014-09-18 15:01:02+00:00,46.521554,10.93289,1542.698,14.080000000000155,129.07,1.7441891891891892,777.767,37.70729000000003,0
2014-09-18 15:01:16+00:00,46.521746,10.9328,1549.317,6.6189999999999145,22.43,1.602142857142857,784.386,37.72972000000003,0
2014-09-18 15:02:39+00:00,46.522438,10.931296,1560.807,11.490000000000009,138.43,1.667831325301205,795.876,37.86815000000003,0
2014-09-18 15:04:32+00:00,46.523218,10.931367,1567.678,6.871000000000095,86.9,0.7690265486725664,802.7470000000001,37.955050000000035,0
2014-09-18 15:05:24+00:00,46.523406,10.932486,1575.769,8.090999999999894,88.13,1.6948076923076922,810.838,38.04318000000003,0
2014-09-18 15:06:01+00:00,46.52386,10.933024,1582.049,6.279999999999973,65.14,1.7605405405405405,817.1179999999999,38.10832000000003,0
2014-09-18 15:06:34+00:00,46.524404,10.933159,1583.46,1.4110000000000582,61.37,1.8596969696969696,818.529,38.16969000000003,0
2014-09-18 15:06:49+00:00,46.524602,10.93361,1583.42,-0.03999999999996362,40.93,2.728666666666667,818.489,38.210620000000034,0
2014-09-18 15:07:16+00:00,46.525376,10.934407,1582.533,-0.887000000000171,105.48,3.9066666666666667,817.6019999999999,38.316100000000034,0
2014-09-18 15:07:35+00:00,46.525786,10.935215,1581.515,-1.0179999999998017,76.81,4.042631578947368,816.5840000000001,38.392910000000036,0
2014-09-18 15:08:25+00:00,46.526886,10.936093,1587.317,5.801999999999907,139.54,2.7908,822.386,38.53245000000003,0
2014-09-18 15:09:31+00:00,46.52736,10.937629,1595.587,8.269999999999982,128.79,1.9513636363636362,830.656,38.661240000000035,0
2014-09-18 15:10:44+00:00,46.528164,10.939166,1598.315,2.7280000000000655,147.71,2.0234246575342465,833.384,38.80895000000003,0
2014-09-18 15:11:26+00:00,46.52874,10.939898,1609.407,11.09199999999987,85.08,2.025714285714286,844.4759999999999,38.894030000000036,0
2014-09-18 15:11:54+00:00,46.529217,10.940175,1613.268,3.8610000000001037,57.12,2.04,848.337,38.95115000000004,0
2014-09-18 15:12:31+00:00,46.529594,10.940642,1619.039,5.770999999999958,55.08,1.4886486486486485,854.108,39.00623000000004,0
2014-09-18 15:13:09+00:00,46.530201,10.94088,1622.429,3.3900000000001,69.91,1.8397368421052631,857.498,39.076140000000045,0
2014-09-18 15:14:15+00:00,46.531788,10.942508,1622.48,0.05099999999993088,215.99,3.272575757575758,857.549,39.29213000000004,0
2014-09-18 15:15:05+00:00,46.533083,10.944869,1620.97,-1.509999999999991,230.99,4.619800000000001,856.039,39.52312000000004,0
2014-09-18 15:15:33+00:00,46.533992,10.945695,1621.473,0.5029999999999291,119.2,4.257142857142857,856.5419999999999,39.64232000000003,0
2014-09-18 15:16:05+00:00,46.534419,10.946499,1627.775,6.302000000000135,77.7,2.428125,862.844,39.720020000000034,0
2014-09-18 15:17:18+00:00,46.535609,10.94787,1636.865,9.089999999999918,168.84,2.3128767123287672,871.934,39.88886000000003,0
2014-09-18 15:18:12+00:00,46.536548,10.948578,1624.368,-12.497000000000071,117.62,2.178148148148148,859.4369999999999,40.00648000000003,0
2014-09-18 15:20:19+00:00,46.536372,10.948321,1631.514,7.145999999999958,27.74,0.2184251968503937,866.5829999999999,40.03422000000003,0
2014-09-18 15:23:18+00:00,46.536537,10.948342,1632.907,1.393000000000029,18.42,0.1029050279329609,867.9759999999999,40.052640000000025,0
2014-09-18 15:23:32+00:00,46.536794,10.948055,1634.933,2.0260000000000673,36.04,2.5742857142857143,870.002,40.08868000000003,0
2014-09-18 15:24:07+00:00,46.537238,10.946921,1636.314,1.3810000000000855,99.81,2.851714285714286,871.383,40.18849000000003,0
2014-09-18 15:25:06+00:00,46.537381,10.945114,1645.974,9.659999999999854,139.13,2.358135593220339,881.0429999999999,40.327620000000024,0
2014-09-18 15:25:56+00:00,46.537762,10.944663,1653.655,7.68100000000004,54.63,1.0926,888.7239999999999,40.38225000000002,0
2014-09-18 15:26:29+00:00,46.537997,10.944094,1659.985,6.329999999999927,50.76,1.538181818181818,895.0539999999999,40.433010000000024,0
2014-09-18 15:27:39+00:00,46.538849,10.943447,1671.968,11.983000000000175,106.88,1.5268571428571427,907.037,40.53989000000002,0
2014-09-18 15:29:30+00:00,46.539832,10.941661,1687.73,15.761999999999944,174.95,1.5761261261261261,922.799,40.71484000000002,0
2014-09-18 15:30:39+00:00,46.540512,10.940915,1702.291,14.560999999999922,94.73,1.3728985507246378,937.3599999999999,40.80957000000002,0
2014-09-18 15:31:10+00:00,46.540911,10.940693,1708.981,6.690000000000055,47.5,1.532258064516129,944.05,40.85707000000002,0
2014-09-18 15:34:22+00:00,46.543258,10.937065,1716.619,7.63799999999992,380.92,1.9839583333333335,951.6879999999999,41.23799000000002,0
2014-09-18 15:35:00+00:00,46.544075,10.936366,1712.307,-4.311999999999898,105.41,2.7739473684210525,947.376,41.343400000000024,0
2014-09-18 15:35:57+00:00,46.544444,10.93558,1715.636,3.328999999999951,72.78,1.276842105263158,950.7049999999999,41.416180000000026,0
2014-09-18 15:37:52+00:00,46.54524,10.934434,1727.277,11.641000000000076,124.56,1.0831304347826087,962.346,41.54074000000002,0
2014-09-18 15:38:29+00:00,46.545439,10.933458,1731.077,3.7999999999999545,77.85,2.1040540540540538,966.146,41.61859000000002,0
2014-09-18 15:39:17+00:00,46.545897,10.932477,1732.998,1.9210000000000491,90.68,1.8891666666666669,968.067,41.70927000000002,0
2014-09-18 15:39:46+00:00,46.545976,10.931685,1734.898,1.8999999999998636,61.2,2.110344827586207,969.9669999999999,41.77047000000002,0
2014-09-18 15:44:49+00:00,46.546745,10.928864,1736.311,1.413000000000011,232.07,0.7659075907590759,971.3799999999999,42.00254000000002,0
2014-09-18 15:45:31+00:00,46.546904,10.928862,1731.093,-5.217999999999847,17.68,0.42095238095238097,966.162,42.020220000000016,0
2014-09-18 15:48:30+00:00,46.549557,10.925512,1704.182,-26.911000000000058,390.71,2.1827374301675975,939.251,42.410930000000015,0
2014-09-18 15:49:04+00:00,46.550206,10.92496,1708.443,4.260999999999967,83.6,2.4588235294117644,943.512,42.49453000000001,0
2014-09-18 15:49:55+00:00,46.550649,10.924135,1714.217,5.774000000000115,80.04,1.5694117647058825,949.2860000000001,42.574570000000016,0
2014-09-18 15:50:26+00:00,46.551173,10.924056,1716.107,1.8899999999998727,58.58,1.8896774193548387,951.1759999999999,42.633150000000015,0
2014-09-18 15:50:58+00:00,46.551525,10.924535,1720.455,4.347999999999956,53.61,1.6753125,955.5239999999999,42.686760000000014,0
2014-09-18 15:58:53+00:00,46.551682,10.92453,1722.386,1.93100000000004,17.46,0.03675789473684211,957.4549999999999,42.704220000000014,0
2014-09-18 16:00:43+00:00,46.551209,10.924014,1719.046,-3.339999999999918,65.75,0.5977272727272728,954.115,42.769970000000015,0
2014-09-18 16:00:56+00:00,46.550677,10.924061,1716.167,-2.879000000000133,59.26,4.558461538461538,951.2359999999999,42.82923000000002,0
2014-09-18 16:01:08+00:00,46.5504,10.924507,1713.727,-2.439999999999827,45.96,3.83,948.796,42.87519000000002,0
2014-09-18 16:14:36+00:00,46.550272,10.924401,1713.26,-0.4670000000000982,16.38,0.02027227722772277,948.329,42.891570000000016,0
