,time,latitude,longitude,altitude,altitude_diff,relative_elevation,distance,cum_distance,speed,lift?,lift_path
0,2019-08-24 06:23:32+00:00,46.331746,10.882649,757.975,0.0,0.0,0.0,0.0,0.0,0,0.0
1,2019-08-24 06:24:03+00:00,46.331824,10.883559,755.428,-2.5470000000000255,-2.5470000000000255,70.4,0.0704,2.270967741935484,0,0.0
2,2019-08-24 06:24:37+00:00,46.332541,10.882195,754.62,-0.8079999999999927,-3.355000000000018,131.62,0.20202,3.871176470588235,0,0.0
3,2019-08-24 06:25:12+00:00,46.332498,10.883958,759.408,4.788000000000011,1.4329999999999927,135.44,0.33746000000000004,3.8697142857142857,0,0.0
4,2019-08-24 06:25:43+00:00,46.333679,10.88568,752.281,-7.127000000000066,-5.694000000000074,186.35,0.5238100000000001,6.011290322580645,0,0.0
5,2019-08-24 06:26:08+00:00,46.334388,10.887952,750.957,-1.3239999999999554,-7.018000000000029,191.42,0.71523,7.6568,0,0.0
6,2019-08-24 06:26:31+00:00,46.334999,10.888339,762.771,11.813999999999965,4.795999999999935,74.15,0.78938,3.223913043478261,0,0.0
7,2019-08-24 06:27:14+00:00,46.335816,10.887599,784.569,21.798000000000002,26.593999999999937,107.15,0.8965299999999999,2.4918604651162792,0,0.0
8,2019-08-24 06:27:39+00:00,46.336517,10.888303,795.35,10.781000000000063,37.375,94.85,0.99138,3.7939999999999996,0,0.0
9,2019-08-24 06:28:06+00:00,46.336989,10.890003,798.344,2.994000000000028,40.36900000000003,140.67,1.13205,5.21,0,0.0
10,2019-08-24 06:28:27+00:00,46.336811,10.892019,778.422,-19.922000000000025,20.447000000000003,156.03,1.28808,7.43,0,0.0
11,2019-08-24 06:29:01+00:00,46.338824,10.892734,778.993,0.5710000000000264,21.01800000000003,230.47,1.5185499999999998,6.778529411764706,0,0.0
12,2019-08-24 06:29:09+00:00,46.339409,10.893211,760.527,-18.466000000000008,2.552000000000021,74.65,1.5932,9.33125,0,0.0
13,2019-08-24 06:29:39+00:00,46.340484,10.895925,737.468,-23.059000000000083,-20.507000000000062,240.2,1.8334000000000001,8.006666666666666,0,0.0
14,2019-08-24 06:30:05+00:00,46.340789,10.897904,737.314,-0.15399999999999636,-20.661000000000058,155.66,1.9890600000000003,5.986923076923077,0,0.0
15,2019-08-24 06:31:03+00:00,46.342986,10.901449,729.908,-7.405999999999949,-28.067000000000007,365.7,2.35476,6.305172413793104,0,0.0
16,2019-08-24 06:32:31+00:00,46.346815,10.905614,762.796,32.888000000000034,4.821000000000026,532.44,2.8872000000000004,6.050454545454546,0,0.0
17,2019-08-24 06:32:58+00:00,46.348237,10.906464,766.082,3.2859999999999445,8.106999999999971,171.05,3.0582500000000006,6.3351851851851855,0,0.0
18,2019-08-24 06:33:12+00:00,46.348837,10.907238,765.446,-0.6359999999999673,7.471000000000004,89.33,3.1475800000000005,6.380714285714285,0,0.0
19,2019-08-24 06:33:56+00:00,46.350107,10.910119,754.224,-11.22199999999998,-3.7509999999999764,262.37,3.4099500000000003,5.962954545454545,0,0.0
20,2019-08-24 06:34:21+00:00,46.350991,10.910836,762.265,8.04099999999994,4.289999999999964,112.65,3.5226,4.506,0,0.0
21,2019-08-24 06:35:08+00:00,46.352049,10.912147,797.299,35.03399999999999,39.323999999999955,154.8,3.6774000000000004,3.293617021276596,0,0.0
22,2019-08-24 06:35:48+00:00,46.353344,10.912947,823.447,26.148000000000025,65.47199999999998,156.54,3.8339400000000006,3.9135,0,0.0
23,2019-08-24 06:36:04+00:00,46.353801,10.913645,829.578,6.130999999999972,71.60299999999995,73.84,3.9077800000000007,4.615,0,0.0
24,2019-08-24 06:36:52+00:00,46.355598,10.914987,844.459,14.880999999999972,86.48399999999992,224.8,4.132580000000001,4.683333333333334,0,0.0
25,2019-08-24 06:36:58+00:00,46.355878,10.914953,842.603,-1.8559999999999945,84.62799999999993,31.24,4.16382,5.206666666666666,0,0.0
26,2019-08-24 06:37:27+00:00,46.35668,10.913837,823.823,-18.779999999999973,65.84799999999996,123.64,4.287460000000001,4.263448275862069,0,0.0
27,2019-08-24 06:38:18+00:00,46.358029,10.912717,775.908,-47.914999999999964,17.932999999999993,172.88,4.460340000000001,3.3898039215686273,0,0.0
28,2019-08-24 06:39:05+00:00,46.359678,10.909396,760.499,-15.408999999999992,2.524000000000001,313.96,4.774300000000001,6.68,0,0.0
29,2019-08-24 06:39:21+00:00,46.360043,10.908238,755.735,-4.76400000000001,-2.240000000000009,97.69,4.87199,6.105625,0,0.0
30,2019-08-24 06:40:10+00:00,46.360145,10.907146,753.139,-2.5960000000000036,-4.836000000000013,84.56,4.956550000000001,1.7257142857142858,0,0.0
31,2019-08-24 06:40:44+00:00,46.360184,10.907547,754.757,1.6179999999999382,-3.2180000000000746,31.08,4.987630000000001,0.9141176470588235,0,0.0
32,2019-08-24 06:41:50+00:00,46.359373,10.910328,769.968,15.211000000000013,11.992999999999938,231.68,5.219310000000001,3.5103030303030303,0,0.0
33,2019-08-24 06:42:31+00:00,46.3585,10.91214,773.232,3.26400000000001,15.256999999999948,169.58,5.388890000000001,4.13609756097561,0,0.0
34,2019-08-24 06:43:20+00:00,46.357716,10.913085,774.58,1.34800000000007,16.605000000000018,113.4,5.502290000000001,2.3142857142857145,0,0.0
35,2019-08-24 06:45:08+00:00,46.359635,10.908366,770.481,-4.099000000000046,12.505999999999972,420.33,5.922620000000001,3.8919444444444444,0,0.0
36,2019-08-24 06:45:52+00:00,46.360032,10.905655,774.193,3.711999999999989,16.21799999999996,212.67,6.135290000000001,4.8334090909090905,0,0.0
37,2019-08-24 06:46:18+00:00,46.360548,10.90417,775.965,1.7720000000000482,17.99000000000001,127.59,6.262880000000001,4.907307692307692,0,0.0
38,2019-08-24 06:47:01+00:00,46.360925,10.901648,784.521,8.555999999999926,26.545999999999935,198.02,6.460900000000001,4.605116279069768,0,0.0
39,2019-08-24 06:47:14+00:00,46.361314,10.900691,786.808,2.2870000000000346,28.83299999999997,85.23,6.546130000000001,6.556153846153847,0,0.0
40,2019-08-24 06:47:32+00:00,46.361255,10.900085,794.893,8.085000000000036,36.918000000000006,46.96,6.593090000000001,2.608888888888889,0,0.0
41,2019-08-24 06:49:13+00:00,46.361874,10.897567,841.559,46.66599999999994,83.58399999999995,205.12,6.798210000000001,2.030891089108911,0,0.0
42,2019-08-24 06:50:21+00:00,46.363174,10.895783,840.723,-0.8360000000000127,82.74799999999993,199.09,6.997300000000001,2.9277941176470588,0,0.0
43,2019-08-24 06:50:28+00:00,46.363509,10.895993,836.611,-4.111999999999966,78.63599999999997,40.59,7.037890000000001,5.798571428571429,0,0.0
44,2019-08-24 06:50:58+00:00,46.364426,10.895382,819.372,-17.239000000000033,61.396999999999935,112.23,7.150120000000001,3.741,0,0.0
45,2019-08-24 06:51:42+00:00,46.36518,10.894095,798.736,-20.635999999999967,40.76099999999997,129.54,7.279660000000001,2.944090909090909,0,0.0
46,2019-08-24 06:52:41+00:00,46.365507,10.891977,803.054,4.317999999999984,45.07899999999995,166.53,7.4461900000000005,2.822542372881356,0,0.0
47,2019-08-24 06:53:59+00:00,46.36657,10.889371,806.485,3.43100000000004,48.50999999999999,232.28,7.67847,2.977948717948718,0,0.0
48,2019-08-24 06:54:50+00:00,46.366754,10.888182,816.732,10.246999999999957,58.75699999999995,93.5,7.7719700000000005,1.8333333333333333,0,0.0
49,2019-08-24 06:55:58+00:00,46.367852,10.885906,829.292,12.56000000000006,71.31700000000001,213.08,7.98505,3.133529411764706,0,0.0
50,2019-08-24 06:56:54+00:00,46.36899,10.884311,840.911,11.618999999999915,82.93599999999992,176.04,8.16109,3.1435714285714282,0,0.0
51,2019-08-24 06:58:16+00:00,46.370303,10.881353,843.108,2.1970000000000027,85.13299999999992,269.86,8.430950000000001,3.2909756097560976,0,0.0
52,2019-08-24 06:58:59+00:00,46.371458,10.880916,851.247,8.13900000000001,93.27199999999993,132.73,8.56368,3.0867441860465115,0,0.0
53,2019-08-24 07:00:09+00:00,46.372601,10.878537,859.233,7.98599999999999,101.25799999999992,222.41,8.78609,3.177285714285714,0,0.0
54,2019-08-24 07:00:23+00:00,46.372908,10.87881,858.737,-0.4959999999999809,100.76199999999994,40.05,8.826139999999999,2.8607142857142853,0,0.0
55,2019-08-24 07:02:13+00:00,46.37452,10.87646,872.725,13.988000000000056,114.75,254.23,9.080369999999998,2.3111818181818182,0,0.0
56,2019-08-24 07:02:58+00:00,46.375765,10.875342,878.266,5.54099999999994,120.29099999999994,162.85,9.243219999999999,3.618888888888889,0,0.0
57,2019-08-24 07:05:03+00:00,46.377814,10.87072,901.75,23.484000000000037,143.77499999999998,421.47,9.664689999999998,3.37176,0,0.0
58,2019-08-24 07:07:11+00:00,46.381131,10.86751,925.128,23.378000000000043,167.15300000000002,443.48,10.108169999999998,3.4646875,0,0.0
59,2019-08-24 07:08:02+00:00,46.382558,10.866537,939.539,14.410999999999945,181.56399999999996,175.35,10.28352,3.438235294117647,0,0.0
60,2019-08-24 07:08:51+00:00,46.383316,10.864794,952.667,13.128000000000043,194.692,158.05,10.441569999999999,3.225510204081633,0,0.0
61,2019-08-24 07:09:42+00:00,46.384517,10.863955,960.581,7.913999999999987,202.606,148.24,10.589809999999998,2.9066666666666667,0,0.0
62,2019-08-24 07:10:34+00:00,46.385518,10.86272,971.019,10.437999999999988,213.04399999999998,146.16,10.735969999999998,2.810769230769231,0,0.0
63,2019-08-24 07:11:52+00:00,46.388022,10.8621,971.108,0.08899999999994179,213.13299999999992,282.46,11.018429999999997,3.621282051282051,0,0.0
64,2019-08-24 07:13:06+00:00,46.39019,10.860863,995.48,24.37200000000007,237.505,259.07,11.277499999999996,3.5009459459459458,0,0.0
65,2019-08-24 07:13:50+00:00,46.391202,10.859982,999.986,4.505999999999972,242.01099999999997,131.26,11.408759999999997,2.983181818181818,0,0.0
66,2019-08-24 07:14:42+00:00,46.392458,10.85938,1013.53,13.543999999999983,255.55499999999995,147.09,11.555849999999996,2.828653846153846,0,0.0
67,2019-08-24 07:16:03+00:00,46.393613,10.857189,1032.048,18.51800000000003,274.073,211.49,11.767339999999997,2.610987654320988,0,0.0
68,2019-08-24 07:17:10+00:00,46.394991,10.856253,1046.229,14.18100000000004,288.254,169.21,11.936549999999995,2.5255223880597018,0,0.0
69,2019-08-24 07:19:18+00:00,46.39628,10.852289,1075.963,29.733999999999924,317.98799999999994,336.09,12.272639999999996,2.625703125,0,0.0
70,2019-08-24 07:19:46+00:00,46.396773,10.851445,1077.881,1.91800000000012,319.90600000000006,84.82,12.357459999999996,3.029285714285714,0,0.0
71,2019-08-24 07:22:10+00:00,46.400831,10.846873,1092.092,14.211000000000013,334.1170000000001,571.43,12.928889999999996,3.9682638888888886,0,0.0
72,2019-08-24 07:23:03+00:00,46.401608,10.844141,1101.455,9.362999999999829,343.4799999999999,226.61,13.155499999999996,4.2756603773584905,0,0.0
73,2019-08-24 07:23:10+00:00,46.401495,10.843742,1100.207,-1.24799999999982,342.2320000000001,33.08,13.188579999999996,4.725714285714285,0,0.0
74,2019-08-24 07:23:15+00:00,46.401194,10.843695,1096.317,-3.8900000000001,338.342,33.66,13.222239999999996,6.731999999999999,0,0.0
75,2019-08-24 07:23:26+00:00,46.400728,10.843077,1090.508,-5.808999999999969,332.533,70.22,13.292459999999995,6.383636363636364,0,0.0
76,2019-08-24 07:24:27+00:00,46.401042,10.84031,1100.959,10.451000000000022,342.98400000000004,215.03,13.507489999999995,3.5250819672131146,0,0.0
77,2019-08-24 07:25:41+00:00,46.402703,10.838375,1107.095,6.135999999999967,349.12,236.91,13.744399999999995,3.2014864864864863,0,0.0
78,2019-08-24 07:26:27+00:00,46.403462,10.836861,1112.669,5.574000000000069,354.6940000000001,143.53,13.887929999999997,3.120217391304348,0,0.0
79,2019-08-24 07:26:56+00:00,46.403613,10.835814,1116.567,3.897999999999911,358.592,82.02,13.969949999999997,2.828275862068965,0,0.0
80,2019-08-24 07:28:03+00:00,46.403554,10.833734,1085.898,-30.669000000000096,327.9229999999999,159.62,14.129569999999998,2.382388059701493,0,0.0
81,2019-08-24 07:28:33+00:00,46.403791,10.833327,1064.412,-21.485999999999876,306.437,40.85,14.170419999999998,1.3616666666666668,0,0.0
82,2019-08-24 07:29:07+00:00,46.403857,10.831966,1045.46,-18.951999999999998,287.485,104.62,14.275039999999999,3.077058823529412,0,0.0
83,2019-08-24 07:30:42+00:00,46.404805,10.829258,1100.381,54.92100000000005,342.40600000000006,232.86,14.5079,2.451157894736842,0,0.0
84,2019-08-24 07:32:04+00:00,46.405802,10.827681,1151.661,51.27999999999997,393.68600000000004,164.05,14.671949999999999,2.0006097560975613,0,0.0
85,2019-08-24 07:33:09+00:00,46.406654,10.825528,1187.021,35.3599999999999,429.04599999999994,190.33,14.862279999999998,2.9281538461538466,0,0.0
86,2019-08-24 07:33:44+00:00,46.40734,10.824355,1204.013,16.991999999999962,446.0379999999999,117.93,14.98021,3.3694285714285717,0,0.0
87,2019-08-24 07:35:33+00:00,46.408403,10.820282,1257.608,53.59500000000003,499.6329999999999,333.9,15.31411,3.063302752293578,0,0.0
88,2019-08-24 07:36:15+00:00,46.407923,10.819168,1280.49,22.882000000000062,522.515,100.72,15.414829999999998,2.3980952380952383,0,0.0
89,2019-08-24 07:37:00+00:00,46.40816,10.817281,1305.466,24.975999999999885,547.4909999999999,147.06,15.561889999999998,3.2680000000000002,0,0.0
90,2019-08-24 07:37:24+00:00,46.40805,10.816378,1319.22,13.754000000000133,561.245,70.31,15.632199999999997,2.9295833333333334,0,0.0
91,2019-08-24 07:39:07+00:00,46.408871,10.812575,1387.498,68.27800000000002,629.523,305.53,15.937729999999998,2.96631067961165,0,0.0
92,2019-08-24 07:40:13+00:00,46.40872,10.810462,1421.959,34.46100000000001,663.984,162.87,16.1006,2.4677272727272728,0,0.0
93,2019-08-24 07:40:51+00:00,46.409204,10.809226,1445.033,23.07399999999984,687.0579999999999,108.98,16.20958,2.8678947368421053,0,0.0
94,2019-08-24 07:41:54+00:00,46.409455,10.807057,1486.351,41.31800000000021,728.3760000000001,168.62,16.3782,2.6765079365079365,0,0.0
95,2019-08-24 07:42:25+00:00,46.409376,10.806244,1502.422,16.070999999999913,744.447,62.95,16.441149999999997,2.0306451612903227,0,0.0
96,2019-08-24 07:42:41+00:00,46.409554,10.805012,1500.614,-1.8079999999999927,742.639,96.51,16.537659999999995,6.031875,0,0.0
97,2019-08-24 07:42:55+00:00,46.408071,10.804521,1296.454,-204.16000000000008,538.4789999999999,169.14,16.706799999999994,12.081428571428571,0,0.0
98,2019-08-24 07:44:28+00:00,46.406788,10.802941,1265.709,-30.74499999999989,507.73400000000004,187.16,16.893959999999996,2.0124731182795697,0,0.0
99,2019-08-24 07:46:00+00:00,46.406383,10.801025,1302.408,36.69899999999984,544.4329999999999,153.65,17.047609999999995,1.670108695652174,0,0.0
100,2019-08-24 07:47:30+00:00,46.406335,10.798926,1324.485,22.076999999999998,566.5099999999999,161.03,17.208639999999995,1.7892222222222223,0,0.0
101,2019-08-24 07:48:43+00:00,46.406071,10.797588,1341.371,16.886000000000195,583.3960000000001,106.71,17.315349999999995,1.4617808219178081,0,0.0
102,2019-08-24 07:49:14+00:00,46.405794,10.797089,1344.995,3.6239999999997963,587.0199999999999,49.12,17.364469999999994,1.584516129032258,0,0.0
103,2019-08-24 07:50:26+00:00,46.405619,10.795989,1375.743,30.748000000000047,617.7679999999999,86.56,17.451029999999996,1.2022222222222223,0,0.0
104,2019-08-24 07:51:19+00:00,46.405783,10.794852,1389.544,13.801000000000158,631.5690000000001,89.07,17.540099999999995,1.680566037735849,0,0.0
105,2019-08-24 07:51:55+00:00,46.405498,10.794269,1392.988,3.44399999999996,635.013,54.79,17.594889999999996,1.5219444444444443,0,0.0
106,2019-08-24 07:53:50+00:00,46.405563,10.792337,1412.766,19.77800000000002,654.791,148.31,17.743199999999998,1.2896521739130435,0,0.0
107,2019-08-24 07:54:42+00:00,46.405363,10.791671,1411.687,-1.0790000000001783,653.7119999999999,55.7,17.798899999999996,1.0711538461538461,0,0.0
108,2019-08-24 07:55:57+00:00,46.405408,10.790483,1433.539,21.85200000000009,675.564,91.23,17.890129999999996,1.2164000000000001,0,0.0
109,2019-08-24 07:57:51+00:00,46.404903,10.788626,1480.901,47.36200000000008,722.926,153.06,18.04319,1.3426315789473684,0,0.0
110,2019-08-24 07:59:27+00:00,46.403478,10.788216,1511.021,30.11999999999989,753.0459999999999,161.54,18.204729999999998,1.6827083333333333,0,0.0
111,2019-08-24 08:04:13+00:00,46.398884,10.789233,1556.008,44.98700000000008,798.033,516.75,18.72148,1.8068181818181819,0,0.0
112,2019-08-24 08:05:58+00:00,46.397365,10.788607,1524.137,-31.871000000000095,766.1619999999999,175.59,18.89707,1.6722857142857144,0,0.0
113,2019-08-24 08:07:35+00:00,46.39533,10.788444,1479.993,-44.144000000000005,722.0179999999999,226.63,19.1237,2.3363917525773195,0,0.0
114,2019-08-24 08:08:33+00:00,46.394156,10.787946,1492.867,12.874000000000024,734.8919999999999,136.01,19.25971,2.3449999999999998,0,0.0
115,2019-08-24 08:09:17+00:00,46.393457,10.786722,1530.215,37.347999999999956,772.2399999999999,121.87,19.38158,2.7697727272727275,0,0.0
116,2019-08-24 08:10:08+00:00,46.392588,10.785858,1559.526,29.31100000000015,801.551,117.17,19.498749999999998,2.297450980392157,0,0.0
117,2019-08-24 08:10:56+00:00,46.391513,10.785338,1566.63,7.104000000000042,808.6550000000001,126.01,19.624759999999995,2.6252083333333336,0,0.0
118,2019-08-24 08:11:36+00:00,46.390637,10.78436,1548.558,-18.072000000000116,790.583,122.94,19.747699999999995,3.0735,0,0.0
119,2019-08-24 08:12:34+00:00,46.389624,10.784005,1529.159,-19.398999999999887,771.1840000000001,115.88,19.863579999999995,1.9979310344827585,0,0.0
120,2019-08-24 08:13:00+00:00,46.389454,10.783232,1533.317,4.157999999999902,775.342,62.23,19.925809999999995,2.3934615384615383,0,0.0
121,2019-08-24 08:14:00+00:00,46.388695,10.782099,1536.087,2.769999999999982,778.112,121.14,20.046949999999992,2.019,0,0.0
122,2019-08-24 08:14:30+00:00,46.388206,10.782021,1553.215,17.12799999999993,795.2399999999999,54.7,20.101649999999996,1.8233333333333335,0,0.0
123,2019-08-24 08:17:25+00:00,46.386522,10.778921,1594.408,41.192999999999984,836.4329999999999,302.65,20.404299999999996,1.7294285714285713,0,0.0
124,2019-08-24 08:18:08+00:00,46.3861,10.778479,1603.065,8.657000000000153,845.09,57.89,20.462189999999996,1.3462790697674418,0,0.0
125,2019-08-24 08:18:58+00:00,46.385748,10.777482,1605.181,2.1159999999999854,847.206,85.91,20.548099999999994,1.7182,0,0.0
126,2019-08-24 08:20:04+00:00,46.385025,10.776715,1604.985,-0.19600000000014006,847.0099999999999,99.62,20.647719999999993,1.5093939393939395,0,0.0
127,2019-08-24 08:22:54+00:00,46.384299,10.774001,1684.183,79.19800000000009,926.208,223.28,20.87099999999999,1.3134117647058823,0,0.0
128,2019-08-24 08:23:54+00:00,46.383879,10.773237,1714.154,29.971000000000004,956.179,74.94,20.945939999999993,1.2489999999999999,0,0.0
129,2019-08-24 08:26:35+00:00,46.383631,10.770719,1737.018,22.864000000000033,979.043,195.1,21.14103999999999,1.2118012422360247,0,0.0
130,2019-08-24 08:27:41+00:00,46.383261,10.769922,1744.616,7.597999999999956,986.641,73.69,21.21472999999999,1.1165151515151515,0,0.0
131,2019-08-24 08:28:57+00:00,46.383209,10.768881,1747.467,2.8510000000001128,989.4920000000001,80.06,21.29478999999999,1.053421052631579,0,0.0
132,2019-08-24 08:29:53+00:00,46.383439,10.767795,1744.392,-3.0750000000000455,986.417,87.14,21.38192999999999,1.5560714285714285,0,0.0
133,2019-08-24 08:31:37+00:00,46.383057,10.766499,1753.073,8.68100000000004,995.0980000000001,108.11,21.49003999999999,1.0395192307692307,0,0.0
134,2019-08-24 08:32:38+00:00,46.383083,10.765587,1758.42,5.34699999999998,1000.445,70.02,21.56005999999999,1.1478688524590164,0,0.0
135,2019-08-24 08:34:01+00:00,46.382639,10.764743,1772.408,13.987999999999829,1014.4329999999999,81.42,21.641479999999987,0.9809638554216867,0,0.0
136,2019-08-24 08:35:14+00:00,46.382778,10.76398,1799.383,26.975000000000136,1041.408,60.53,21.702009999999987,0.8291780821917808,0,0.0
137,2019-08-24 08:39:15+00:00,46.381707,10.760005,1839.379,39.99599999999987,1081.4039999999998,327.34,22.029349999999987,1.3582572614107882,0,0.0
138,2019-08-24 08:39:51+00:00,46.381696,10.758852,1859.393,20.014000000000124,1101.418,88.45,22.11779999999999,2.4569444444444444,0,0.0
139,2019-08-24 08:40:34+00:00,46.381414,10.757854,1874.321,14.927999999999884,1116.3459999999998,82.73,22.200529999999986,1.923953488372093,0,0.0
140,2019-08-24 08:45:18+00:00,46.381342,10.752786,1916.512,42.19100000000003,1158.5369999999998,388.84,22.589369999999988,1.3691549295774648,0,0.0
141,2019-08-24 08:49:35+00:00,46.381594,10.751481,1924.976,8.46400000000017,1167.001,103.95,22.69331999999999,0.40447470817120623,0,0.0
142,2019-08-24 09:06:36+00:00,46.383101,10.755341,1981.784,56.80799999999999,1223.809,340.22,23.03353999999999,0.3332223310479922,0,0.0
143,2019-08-24 09:08:11+00:00,46.383045,10.753676,1994.945,13.16099999999983,1236.9699999999998,127.87,23.16140999999999,1.346,0,0.0
144,2019-08-24 09:10:43+00:00,46.383938,10.75513,2051.879,56.93399999999997,1293.9039999999998,149.33,23.310739999999992,0.9824342105263159,0,0.0
145,2019-08-24 09:13:44+00:00,46.383687,10.752722,2099.205,47.32600000000002,1341.2299999999998,186.8,23.49753999999999,1.0320441988950277,0,0.0
146,2019-08-24 09:14:31+00:00,46.383868,10.751989,2107.225,8.019999999999982,1349.2499999999998,59.72,23.557259999999992,1.2706382978723405,0,0.0
147,2019-08-24 09:17:02+00:00,46.38356,10.749043,2122.808,15.583000000000084,1364.8329999999999,228.55,23.78580999999999,1.5135761589403973,0,0.0
148,2019-08-24 09:19:46+00:00,46.383751,10.74674,2140.611,17.802999999999884,1382.6359999999997,177.92,23.963729999999988,1.0848780487804877,0,0.0
149,2019-08-24 09:20:23+00:00,46.384002,10.747182,2136.067,-4.543999999999869,1378.0919999999999,43.91,24.007639999999988,1.1867567567567567,0,0.0
150,2019-08-24 09:21:36+00:00,46.384202,10.746184,2138.761,2.69399999999996,1380.7859999999998,79.72,24.08735999999999,1.0920547945205479,0,0.0
151,2019-08-24 09:22:24+00:00,46.384133,10.745531,2148.789,10.028000000000247,1390.814,50.67,24.138029999999986,1.055625,0,0.0
152,2019-08-24 09:22:59+00:00,46.38427,10.745139,2155.36,6.570999999999913,1397.385,33.71,24.171739999999986,0.9631428571428572,0,0.0
153,2019-08-24 09:23:47+00:00,46.384404,10.745287,2156.024,0.6639999999997599,1398.0489999999998,18.73,24.190469999999987,0.3902083333333333,0,0.0
154,2019-08-24 09:31:05+00:00,46.384289,10.74149,2209.182,53.1579999999999,1451.2069999999997,291.53,24.481999999999985,0.665593607305936,0,0.0
155,2019-08-24 09:44:54+00:00,46.383545,10.738335,2254.213,45.031000000000404,1496.238,255.75,24.737749999999984,0.30850422195416166,0,1.0
156,2019-08-24 10:03:38+00:00,46.383415,10.73143,2426.547,172.33399999999983,1668.572,529.85,25.267599999999984,0.4713967971530249,1,1.0
157,2019-08-24 10:04:20+00:00,46.383715,10.73137,2431.129,4.58199999999988,1673.1539999999998,33.67,25.30126999999998,0.8016666666666667,0,0.0
158,2019-08-24 10:12:24+00:00,46.384683,10.728771,2501.721,70.5920000000001,1743.7459999999999,226.56,25.527829999999984,0.468099173553719,0,0.0
159,2019-08-24 10:14:54+00:00,46.38456,10.727173,2520.008,18.286999999999807,1762.0329999999997,123.33,25.651159999999987,0.8222,0,1.0
160,2019-08-24 10:50:08+00:00,46.38228,10.725717,2625.868,105.86000000000013,1867.8929999999998,277.03,25.928189999999983,0.13104541154210028,1,1.0
161,2019-08-24 10:50:25+00:00,46.382409,10.725194,2619.384,-6.483999999999924,1861.4089999999999,42.61,25.970799999999986,2.506470588235294,0,0.0
162,2019-08-24 10:50:58+00:00,46.382168,10.724727,2608.138,-11.246000000000095,1850.1629999999998,44.74,26.015539999999987,1.3557575757575757,0,0.0
163,2019-08-24 10:51:30+00:00,46.380911,10.724975,2585.716,-22.422000000000025,1827.7409999999998,141.06,26.156599999999987,4.408125,0,0.0
164,2019-08-24 10:53:02+00:00,46.379413,10.724628,2569.747,-15.969000000000051,1811.7719999999997,168.68,26.32527999999999,1.8334782608695652,0,0.0
165,2019-08-24 10:54:15+00:00,46.377379,10.723063,2518.121,-51.62599999999975,1760.146,256.06,26.58133999999999,3.5076712328767123,0,0.0
166,2019-08-24 10:54:23+00:00,46.377308,10.723263,2516.029,-2.0920000000000982,1758.0539999999999,17.25,26.59858999999999,2.15625,0,0.0
167,2019-08-24 10:56:05+00:00,46.37684,10.723061,2506.45,-9.579000000000178,1748.4749999999997,54.3,26.65288999999999,0.5323529411764706,0,0.0
168,2019-08-24 10:56:24+00:00,46.376234,10.723218,2487.026,-19.423999999999978,1729.0509999999997,68.45,26.72133999999999,3.6026315789473684,0,0.0
169,2019-08-24 10:56:40+00:00,46.376422,10.722667,2475.047,-11.978999999999814,1717.072,47.16,26.76849999999999,2.9475,0,0.0
170,2019-08-24 10:56:57+00:00,46.376032,10.722607,2462.911,-12.135999999999967,1704.936,43.61,26.81210999999999,2.565294117647059,0,0.0
171,2019-08-24 10:57:06+00:00,46.376162,10.722306,2456.208,-6.7029999999999745,1698.233,27.24,26.839349999999992,3.0266666666666664,0,0.0
172,2019-08-24 10:57:21+00:00,46.375889,10.722148,2445.626,-10.58199999999988,1687.651,32.69,26.87203999999999,2.179333333333333,0,0.0
173,2019-08-24 10:57:39+00:00,46.376288,10.721537,2433.942,-11.684000000000196,1675.9669999999999,64.54,26.936579999999992,3.585555555555556,0,0.0
174,2019-08-24 10:57:47+00:00,46.376193,10.721263,2426.496,-7.445999999999913,1668.521,23.53,26.96010999999999,2.94125,0,0.0
175,2019-08-24 10:58:19+00:00,46.375306,10.721188,2404.474,-22.021999999999935,1646.499,98.8,27.05890999999999,3.0875,0,0.0
176,2019-08-24 10:59:15+00:00,46.3742,10.720253,2353.295,-51.17900000000009,1595.32,142.37,27.201279999999986,2.542321428571429,0,0.0
177,2019-08-24 11:00:20+00:00,46.374211,10.719796,2337.579,-15.715999999999894,1579.604,35.08,27.23635999999999,0.5396923076923077,0,0.0
178,2019-08-24 11:00:51+00:00,46.373693,10.718879,2307.387,-30.192000000000007,1549.412,90.92,27.327279999999988,2.932903225806452,0,0.0
179,2019-08-24 11:01:37+00:00,46.374184,10.717672,2277.888,-29.49900000000025,1519.9129999999998,107.5,27.43477999999999,2.3369565217391304,0,0.0
180,2019-08-24 11:03:36+00:00,46.376099,10.716397,2251.574,-26.31399999999985,1493.599,234.33,27.66910999999999,1.9691596638655464,0,0.0
181,2019-08-24 11:04:51+00:00,46.376861,10.716528,2244.656,-6.91800000000012,1486.6809999999998,85.32,27.75442999999999,1.1376,0,0.0
182,2019-08-24 11:05:00+00:00,46.376959,10.716317,2241.521,-3.1349999999997635,1483.546,19.51,27.77393999999999,2.167777777777778,0,0.0
183,2019-08-24 11:05:35+00:00,46.377726,10.716645,2235.708,-5.813000000000102,1477.733,88.92,27.862859999999987,2.5405714285714285,0,0.0
184,2019-08-24 11:05:54+00:00,46.378124,10.717136,2232.191,-3.51700000000028,1474.2159999999997,58.11,27.920969999999986,3.0584210526315787,0,0.0
185,2019-08-24 11:06:58+00:00,46.379212,10.717549,2238.057,5.8659999999999854,1480.0819999999997,125.06,28.046029999999988,1.9540625,0,0.0
186,2019-08-24 11:08:11+00:00,46.380088,10.717142,2251.421,13.364000000000033,1493.4459999999997,102.29,28.148319999999988,1.4012328767123288,0,0.0
187,2019-08-24 11:08:50+00:00,46.380498,10.71728,2256.159,4.738000000000284,1498.184,46.8,28.19511999999999,1.2,0,0.0
188,2019-08-24 11:10:53+00:00,46.381353,10.71634,2261.97,5.810999999999694,1503.9949999999997,119.32,28.314439999999987,0.970081300813008,0,0.0
189,2019-08-24 11:12:03+00:00,46.38235,10.715841,2267.734,5.764000000000124,1509.7589999999998,117.28,28.431719999999988,1.6754285714285715,0,0.0
190,2019-08-24 11:15:04+00:00,46.383251,10.714173,2265.062,-2.6720000000000255,1507.0869999999998,162.5,28.594219999999986,0.8977900552486188,0,0.0
191,2019-08-24 11:15:32+00:00,46.383312,10.713358,2269.953,4.891000000000076,1511.9779999999998,62.88,28.65709999999999,2.245714285714286,0,0.0
192,2019-08-24 11:17:10+00:00,46.384266,10.711717,2268.012,-1.9409999999998035,1510.037,164.61,28.82170999999999,1.6796938775510206,0,0.0
193,2019-08-24 11:19:11+00:00,46.385581,10.710526,2273.932,5.919999999999618,1515.9569999999997,172.41,28.994119999999988,1.4248760330578512,0,0.0
194,2019-08-24 11:19:44+00:00,46.386119,10.710487,2275.805,1.8730000000000473,1517.8299999999997,59.9,29.05401999999999,1.8151515151515152,0,0.0
195,2019-08-24 11:22:48+00:00,46.389756,10.711619,2246.608,-29.19699999999966,1488.633,413.63,29.467649999999992,2.2479891304347825,0,0.0
196,2019-08-24 11:24:07+00:00,46.390682,10.71063,2226.295,-20.313000000000102,1468.32,127.89,29.59553999999999,1.6188607594936708,0,0.0
197,2019-08-24 11:25:11+00:00,46.391088,10.709452,2203.681,-22.614000000000033,1445.706,101.0,29.69653999999999,1.578125,0,0.0
198,2019-08-24 11:27:56+00:00,46.392531,10.708815,2162.115,-41.56600000000026,1404.1399999999996,167.73,29.86426999999999,1.0165454545454544,0,0.0
199,2019-08-24 11:31:00+00:00,46.393583,10.707385,2148.593,-13.521999999999935,1390.6179999999997,160.35,30.024619999999988,0.8714673913043478,0,0.0
200,2019-08-24 11:32:09+00:00,46.395225,10.705982,2140.154,-8.43899999999985,1382.1789999999999,211.93,30.236549999999987,3.071449275362319,0,0.0
201,2019-08-24 11:32:42+00:00,46.396251,10.705704,2133.718,-6.436000000000149,1375.7429999999997,116.06,30.35260999999999,3.516969696969697,0,0.0
202,2019-08-24 11:33:11+00:00,46.397486,10.705815,2117.196,-16.521999999999935,1359.2209999999998,137.59,30.49019999999999,4.7444827586206895,0,0.0
203,2019-08-24 11:33:39+00:00,46.398409,10.706497,2091.667,-25.528999999999996,1333.6919999999998,115.19,30.60538999999999,4.113928571428572,0,0.0
204,2019-08-24 11:36:20+00:00,46.397326,10.704812,2078.451,-13.215999999999894,1320.4759999999999,176.63,30.78201999999999,1.097080745341615,0,0.0
205,2019-08-24 11:37:06+00:00,46.398326,10.705711,2065.201,-13.25,1307.2259999999999,130.83,30.91284999999999,2.844130434782609,0,0.0
206,2019-08-24 11:37:28+00:00,46.398686,10.705528,2064.711,-0.49000000000023647,1306.7359999999996,42.42,30.955269999999988,1.9281818181818182,0,0.0
207,2019-08-24 11:37:53+00:00,46.398346,10.705636,2062.908,-1.8029999999998836,1304.9329999999998,38.7,30.99396999999999,1.548,0,0.0
208,2019-08-24 11:38:13+00:00,46.397605,10.704646,2054.269,-8.639000000000124,1296.2939999999996,112.04,31.10600999999999,5.602,0,0.0
209,2019-08-24 11:39:00+00:00,46.395448,10.703081,2016.245,-38.02399999999989,1258.2699999999998,268.2,31.37420999999999,5.706382978723404,0,0.0
210,2019-08-24 11:39:15+00:00,46.396022,10.702761,2000.639,-15.605999999999995,1242.6639999999998,68.38,31.442589999999992,4.558666666666666,0,0.0
211,2019-08-24 11:40:50+00:00,46.398636,10.702508,1944.637,-56.00199999999995,1186.6619999999998,291.31,31.733899999999995,3.066421052631579,0,0.0
212,2019-08-24 11:41:17+00:00,46.399655,10.701837,1922.418,-22.21900000000005,1164.4429999999998,124.44,31.85833999999999,4.608888888888889,0,0.0
213,2019-08-24 11:41:48+00:00,46.40126,10.701221,1885.932,-36.485999999999876,1127.9569999999999,184.61,32.04294999999999,5.9551612903225815,0,0.0
214,2019-08-24 11:42:02+00:00,46.401983,10.701332,1860.01,-25.922000000000025,1102.0349999999999,80.84,32.12378999999999,5.774285714285715,0,0.0
215,2019-08-24 11:42:19+00:00,46.402703,10.701837,1837.261,-22.749000000000024,1079.2859999999998,88.93,32.21272,5.2311764705882355,0,0.0
216,2019-08-24 11:42:56+00:00,46.403037,10.701722,1837.485,0.2239999999999327,1079.5099999999998,38.17,32.25088999999999,1.0316216216216216,0,0.0
217,2019-08-24 11:43:12+00:00,46.403367,10.700831,1824.289,-13.195999999999913,1066.3139999999999,77.55,32.32843999999999,4.846875,0,0.0
218,2019-08-24 11:43:29+00:00,46.404091,10.700112,1803.817,-20.47199999999998,1045.8419999999999,97.57,32.42600999999999,5.739411764705882,0,0.0
219,2019-08-24 11:43:39+00:00,46.404091,10.699563,1799.208,-4.608999999999924,1041.233,42.1,32.46810999999999,4.21,0,0.0
220,2019-08-24 11:44:37+00:00,46.404564,10.698827,1782.372,-16.836000000000013,1024.397,77.14,32.54524999999999,1.33,0,0.0
221,2019-08-24 11:44:48+00:00,46.404614,10.6983,1775.088,-7.2840000000001055,1017.1129999999998,40.79,32.58603999999999,3.708181818181818,0,0.0
222,2019-08-24 11:45:08+00:00,46.40383,10.698472,1763.472,-11.615999999999985,1005.4969999999998,88.17,32.67420999999999,4.4085,0,0.0
223,2019-08-24 11:45:13+00:00,46.403784,10.698259,1760.87,-2.602000000000089,1002.8949999999998,17.11,32.69131999999999,3.4219999999999997,0,0.0
224,2019-08-24 11:45:24+00:00,46.40411,10.69776,1755.131,-5.738999999999805,997.156,52.71,32.74402999999999,4.791818181818182,0,0.0
225,2019-08-24 11:45:46+00:00,46.404871,10.697251,1748.965,-6.166000000000167,990.9899999999998,93.19,32.83721999999999,4.23590909090909,0,0.0
226,2019-08-24 11:46:02+00:00,46.405545,10.696384,1743.333,-5.6319999999998345,985.358,100.18,32.93739999999999,6.26125,0,0.0
227,2019-08-24 11:46:18+00:00,46.406415,10.695948,1737.254,-6.079000000000178,979.2789999999998,102.35,33.039749999999984,6.396875,0,0.0
228,2019-08-24 11:46:31+00:00,46.406342,10.695448,1736.382,-0.8719999999998436,978.4069999999999,39.19,33.07893999999999,3.0146153846153845,0,0.0
229,2019-08-24 11:47:27+00:00,46.407227,10.694597,1737.543,1.1609999999998308,979.5679999999998,118.07,33.197009999999985,2.108392857142857,0,0.0
230,2019-08-24 11:48:22+00:00,46.40773,10.693401,1739.517,1.97400000000016,981.5419999999999,107.41,33.30441999999999,1.952909090909091,0,0.0
231,2019-08-24 11:48:55+00:00,46.408406,10.692712,1750.208,10.691000000000031,992.233,91.87,33.39628999999999,2.783939393939394,0,0.0
232,2019-08-24 11:49:13+00:00,46.408571,10.691928,1756.922,6.713999999999942,998.9469999999999,62.85,33.45913999999999,3.4916666666666667,0,0.0
233,2019-08-24 11:51:35+00:00,46.410541,10.688867,1793.698,36.77600000000007,1035.723,321.03,33.78016999999999,2.260774647887324,0,0.0
234,2019-08-24 11:53:09+00:00,46.410886,10.686611,1808.062,14.363999999999805,1050.0869999999998,177.16,33.95732999999999,1.8846808510638298,0,0.0
235,2019-08-24 11:53:41+00:00,46.411114,10.687424,1811.51,3.4480000000000928,1053.5349999999999,67.29,34.02462,2.1028125,0,0.0
236,2019-08-24 11:54:47+00:00,46.410889,10.689078,1816.411,4.901000000000067,1058.436,129.25,34.15387,1.9583333333333333,0,0.0
237,2019-08-24 11:56:30+00:00,46.411204,10.691451,1837.615,21.20399999999995,1079.6399999999999,185.27,34.33913999999999,1.7987378640776701,0,0.0
238,2019-08-24 11:57:25+00:00,46.411069,10.692798,1855.633,18.01800000000003,1097.658,104.36,34.44349999999999,1.8974545454545455,0,0.0
239,2019-08-24 11:57:33+00:00,46.411186,10.692919,1857.364,1.7309999999999945,1099.389,15.98,34.45948,1.9975,0,0.0
240,2019-08-24 11:58:51+00:00,46.41171,10.691237,1870.314,12.950000000000045,1112.339,141.51,34.600989999999996,1.814230769230769,0,0.0
241,2019-08-24 11:59:26+00:00,46.411509,10.690348,1881.954,11.639999999999873,1123.9789999999998,71.73,34.67272,2.0494285714285714,0,0.0
242,2019-08-24 12:00:12+00:00,46.411715,10.689273,1895.309,13.355000000000018,1137.3339999999998,85.54,34.75826,1.8595652173913044,0,0.0
243,2019-08-24 12:00:30+00:00,46.411555,10.688942,1898.108,2.798999999999978,1140.1329999999998,30.99,34.78925,1.7216666666666667,0,0.0
244,2019-08-24 12:01:02+00:00,46.411581,10.688247,1906.115,8.007000000000062,1148.1399999999999,53.36,34.84261,1.6675,0,0.0
245,2019-08-24 12:02:39+00:00,46.412543,10.68638,1927.481,21.365999999999985,1169.5059999999999,178.69,35.021300000000004,1.8421649484536082,0,0.0
246,2019-08-24 12:03:39+00:00,46.412825,10.684957,1938.055,10.57400000000007,1180.08,113.51,35.13481,1.8918333333333335,0,0.0
247,2019-08-24 12:05:21+00:00,46.413555,10.682953,1958.533,20.477999999999838,1200.5579999999998,173.76,35.30857000000001,1.7035294117647057,0,0.0
248,2019-08-24 12:06:54+00:00,46.414705,10.681677,1962.064,3.5310000000001764,1204.089,161.0,35.469570000000004,1.7311827956989247,0,0.0
249,2019-08-24 12:07:14+00:00,46.414642,10.681306,1963.228,1.1639999999999873,1205.253,29.29,35.49886000000001,1.4645,0,0.0
250,2019-08-24 12:10:20+00:00,46.415148,10.680059,1973.056,9.827999999999975,1215.081,110.93,35.60979000000001,0.5963978494623656,0,0.0
251,2019-08-24 12:10:40+00:00,46.415034,10.67983,1972.117,-0.9390000000000782,1214.1419999999998,21.65,35.63144000000001,1.0825,0,0.0
252,2019-08-24 12:12:27+00:00,46.41431,10.680414,1978.657,6.539999999999964,1220.6819999999998,92.12,35.72356000000001,0.8609345794392523,0,0.0
253,2019-08-24 12:12:48+00:00,46.413601,10.680054,1979.8,1.143000000000029,1221.8249999999998,83.53,35.80709000000001,3.9776190476190476,0,0.0
254,2019-08-24 12:13:18+00:00,46.412759,10.680541,1987.12,7.319999999999936,1229.1449999999998,100.8,35.907890000000016,3.36,0,0.0
255,2019-08-24 12:13:47+00:00,46.411684,10.680188,1994.908,7.788000000000011,1236.9329999999998,122.56,36.03045000000001,4.226206896551724,0,0.0
256,2019-08-24 12:14:15+00:00,46.410759,10.680519,1982.789,-12.118999999999915,1224.8139999999999,105.94,36.13639000000001,3.7835714285714284,0,0.0
257,2019-08-24 12:14:39+00:00,46.410527,10.680315,1975.555,-7.233999999999924,1217.58,30.17,36.16656000000001,1.2570833333333333,0,0.0
258,2019-08-24 12:17:15+00:00,46.408236,10.681757,2002.519,26.963999999999942,1244.5439999999999,277.7,36.44426000000001,1.780128205128205,0,0.0
259,2019-08-24 12:18:10+00:00,46.407217,10.68311,2005.157,2.63799999999992,1247.1819999999998,153.62,36.59788000000001,2.793090909090909,0,0.0
260,2019-08-24 12:20:13+00:00,46.406428,10.684745,1989.278,-15.878999999999905,1231.3029999999999,153.01,36.75089000000001,1.2439837398373983,0,0.0
261,2019-08-24 12:20:47+00:00,46.406392,10.685893,1987.762,-1.5160000000000764,1229.7869999999998,88.11,36.83900000000001,2.591470588235294,0,0.0
262,2019-08-24 12:22:29+00:00,46.406124,10.686957,1992.36,4.597999999999956,1234.3849999999998,86.85,36.92585000000001,0.8514705882352941,0,0.0
263,2019-08-24 12:23:19+00:00,46.405348,10.687489,1987.021,-5.338999999999942,1229.0459999999998,95.44,37.021290000000015,1.9088,0,0.0
264,2019-08-24 12:24:27+00:00,46.404494,10.686536,1995.314,8.29300000000012,1237.339,119.82,37.14111000000001,1.7620588235294117,0,0.0
265,2019-08-24 12:24:55+00:00,46.404318,10.685328,1990.454,-4.860000000000127,1232.4789999999998,94.67,37.23578000000001,3.3810714285714285,0,0.0
266,2019-08-24 12:26:25+00:00,46.401992,10.684992,1990.909,0.4550000000001546,1232.934,259.92,37.495700000000014,2.8880000000000003,0,0.0
267,2019-08-24 12:28:14+00:00,46.40091,10.682404,1975.008,-15.901000000000067,1217.033,232.07,37.727770000000014,2.1290825688073394,0,0.0
268,2019-08-24 12:29:37+00:00,46.39905,10.67933,1944.265,-30.742999999999938,1186.29,313.59,38.041360000000005,3.778192771084337,0,0.0
269,2019-08-24 12:30:31+00:00,46.398516,10.67739,1949.521,5.255999999999858,1191.5459999999998,160.18,38.20154000000001,2.966296296296296,0,0.0
270,2019-08-24 12:30:55+00:00,46.398022,10.676958,1951.125,1.6040000000000418,1193.1499999999999,64.15,38.265690000000006,2.672916666666667,0,0.0
271,2019-08-24 12:31:46+00:00,46.396633,10.676967,1942.293,-8.832000000000107,1184.3179999999998,154.45,38.42014,3.0284313725490195,0,0.0
272,2019-08-24 12:32:23+00:00,46.39585,10.67794,1938.974,-3.31899999999996,1180.9989999999998,114.67,38.53481000000001,3.099189189189189,0,0.0
273,2019-08-24 12:32:42+00:00,46.395296,10.678155,1934.788,-4.185999999999922,1176.8129999999999,63.77,38.59858,3.3563157894736846,0,0.0
274,2019-08-24 12:33:32+00:00,46.393685,10.677642,1928.346,-6.442000000000007,1170.3709999999999,183.4,38.781980000000004,3.668,0,0.0
275,2019-08-24 12:34:43+00:00,46.391576,10.675667,1930.267,1.9210000000000491,1172.292,279.17,39.061150000000005,3.9319718309859155,0,0.0
276,2019-08-24 12:35:12+00:00,46.39061,10.675445,1931.393,1.1259999999999764,1173.418,108.76,39.16991,3.7503448275862072,0,0.0
277,2019-08-24 12:35:45+00:00,46.389577,10.674338,1940.265,8.872000000000071,1182.29,142.84,39.31275,4.328484848484848,0,0.0
278,2019-08-24 12:36:29+00:00,46.38804,10.67438,1957.421,17.15599999999995,1199.446,170.94,39.48369,3.885,0,0.0
279,2019-08-24 12:36:36+00:00,46.38782,10.674202,1961.508,4.086999999999989,1203.533,28.01,39.511700000000005,4.001428571428572,0,0.0
280,2019-08-24 12:37:22+00:00,46.386147,10.67502,1972.743,11.2349999999999,1214.7679999999998,196.32,39.708020000000005,4.267826086956521,0,0.0
281,2019-08-24 12:37:42+00:00,46.385457,10.675103,1977.319,4.576000000000022,1219.3439999999998,76.99,39.78501,3.8495,0,0.0
282,2019-08-24 12:38:03+00:00,46.384687,10.674757,1985.533,8.213999999999942,1227.5579999999998,89.64,39.87465,4.268571428571429,0,0.0
283,2019-08-24 12:38:36+00:00,46.383574,10.673824,1978.521,-7.011999999999944,1220.5459999999998,142.96,40.01761,4.332121212121212,0,0.0
284,2019-08-24 12:38:57+00:00,46.382861,10.673957,1979.042,0.5209999999999582,1221.0669999999998,79.94,40.097550000000005,3.8066666666666666,0,0.0
285,2019-08-24 12:39:51+00:00,46.381486,10.675945,1984.686,5.6440000000000055,1226.7109999999998,215.94,40.31349000000001,3.9988888888888887,0,0.0
286,2019-08-24 12:40:20+00:00,46.380268,10.67618,1982.844,-1.8419999999998709,1224.869,136.63,40.450120000000005,4.711379310344827,0,0.0
287,2019-08-24 12:41:18+00:00,46.378172,10.67548,1977.055,-5.788999999999987,1219.08,239.17,40.68929,4.123620689655172,0,0.0
288,2019-08-24 12:44:41+00:00,46.373882,10.674746,1953.947,-23.108000000000175,1195.9719999999998,480.34,41.16963,2.366206896551724,0,0.0
289,2019-08-24 12:48:06+00:00,46.372,10.673677,1980.029,26.082000000000107,1222.0539999999999,224.77,41.3944,1.096439024390244,0,0.0
290,2019-08-24 12:48:44+00:00,46.371281,10.673699,1984.421,4.392000000000053,1226.446,79.97,41.47436999999999,2.1044736842105265,0,0.0
291,2019-08-24 12:50:41+00:00,46.370881,10.668575,2002.008,17.58699999999999,1244.033,395.64,41.87000999999999,3.3815384615384616,0,0.0
292,2019-08-24 12:51:39+00:00,46.370467,10.666208,2013.948,11.940000000000055,1255.973,187.35,42.057359999999996,3.2301724137931034,0,0.0
293,2019-08-24 12:52:38+00:00,46.370535,10.664383,2004.044,-9.903999999999996,1246.069,140.22,42.197579999999995,2.3766101694915256,0,0.0
294,2019-08-24 12:54:11+00:00,46.369769,10.661793,1991.528,-12.516000000000076,1233.5529999999999,216.2,42.41377999999999,2.324731182795699,0,0.0
295,2019-08-24 12:54:41+00:00,46.36979,10.66113,1992.266,0.7380000000000564,1234.291,50.92,42.464699999999986,1.6973333333333334,0,0.0
296,2019-08-24 12:54:49+00:00,46.36956,10.660788,1984.917,-7.34900000000016,1226.9419999999998,36.64,42.50133999999999,4.58,0,0.0
297,2019-08-24 12:55:26+00:00,46.369466,10.659403,1968.061,-16.855999999999995,1210.0859999999998,106.78,42.608119999999985,2.885945945945946,0,0.0
298,2019-08-24 12:55:47+00:00,46.369733,10.65905,1962.529,-5.531999999999925,1204.5539999999999,40.19,42.64830999999999,1.9138095238095236,0,0.0
299,2019-08-24 12:56:46+00:00,46.36927,10.658728,1969.46,6.93100000000004,1211.485,57.1,42.705409999999986,0.9677966101694916,0,0.0
300,2019-08-24 12:57:25+00:00,46.369402,10.658855,1975.236,5.776000000000067,1217.261,17.62,42.723029999999994,0.4517948717948718,0,0.0
301,2019-08-24 12:57:57+00:00,46.368572,10.660079,1955.817,-19.419000000000096,1197.8419999999999,131.67,42.85469999999999,4.1146875,0,0.0
302,2019-08-24 12:58:13+00:00,46.367469,10.659113,1926.018,-29.798999999999978,1168.043,143.3,42.99799999999999,8.95625,0,0.0
303,2019-08-24 12:58:22+00:00,46.366376,10.658632,1914.608,-11.410000000000082,1156.6329999999998,127.02,43.12501999999999,14.113333333333333,0,0.0
304,2019-08-24 12:58:31+00:00,46.365559,10.657675,1902.757,-11.850999999999885,1144.782,116.81,43.241829999999986,12.97888888888889,0,0.0
305,2019-08-24 12:58:58+00:00,46.364474,10.655397,1858.113,-44.644000000000005,1100.138,212.39,43.454219999999985,7.866296296296296,0,0.0
306,2019-08-24 12:59:37+00:00,46.364213,10.655999,1849.947,-8.166000000000167,1091.9719999999998,54.55,43.50876999999999,1.3987179487179486,0,0.0
307,2019-08-24 13:00:06+00:00,46.363685,10.658844,1828.435,-21.511999999999944,1070.4599999999998,226.06,43.73482999999999,7.795172413793104,0,0.0
308,2019-08-24 13:00:32+00:00,46.364282,10.661268,1802.126,-26.30899999999997,1044.1509999999998,197.49,43.93231999999998,7.595769230769231,0,0.0
309,2019-08-24 13:00:44+00:00,46.364013,10.662556,1786.12,-16.006000000000085,1028.1449999999998,103.26,44.03557999999999,8.605,0,0.0
310,2019-08-24 13:01:07+00:00,46.363348,10.664279,1762.538,-23.58199999999988,1004.5629999999999,151.49,44.187069999999984,6.586521739130435,0,0.0
311,2019-08-24 13:01:14+00:00,46.363309,10.664819,1755.799,-6.739000000000033,997.8239999999998,41.66,44.22872999999999,5.951428571428571,0,0.0
312,2019-08-24 13:01:26+00:00,46.363656,10.665789,1740.165,-15.634000000000015,982.1899999999998,83.84,44.31256999999999,6.986666666666667,0,0.0
313,2019-08-24 13:01:36+00:00,46.363243,10.666981,1729.068,-11.09699999999998,971.0929999999998,102.35,44.41491999999998,10.235,0,0.0
314,2019-08-24 13:01:49+00:00,46.362471,10.667844,1716.414,-12.653999999999996,958.4389999999999,108.42,44.52333999999998,8.34,0,0.0
315,2019-08-24 13:02:13+00:00,46.362821,10.668604,1705.508,-10.905999999999949,947.5329999999999,70.11,44.59344999999998,2.92125,0,0.0
316,2019-08-24 13:02:36+00:00,46.362473,10.669278,1694.73,-10.77800000000002,936.7549999999999,64.59,44.65803999999998,2.8082608695652174,0,0.0
317,2019-08-24 13:02:54+00:00,46.363047,10.669849,1681.436,-13.294000000000096,923.4609999999998,77.42,44.735459999999975,4.301111111111111,0,0.0
318,2019-08-24 13:03:16+00:00,46.363924,10.67138,1658.23,-23.205999999999904,900.2549999999999,152.68,44.88813999999998,6.94,0,0.0
319,2019-08-24 13:03:30+00:00,46.364193,10.672794,1640.928,-17.301999999999907,882.953,112.55,45.00068999999998,8.039285714285715,0,0.0
320,2019-08-24 13:03:39+00:00,46.363932,10.67285,1631.329,-9.59900000000016,873.3539999999998,29.34,45.030029999999975,3.26,0,0.0
321,2019-08-24 13:03:56+00:00,46.363925,10.673236,1621.523,-9.80600000000004,863.5479999999998,29.63,45.05965999999997,1.7429411764705882,0,0.0
322,2019-08-24 13:07:58+00:00,46.363829,10.673107,1595.281,-26.241999999999962,837.3059999999998,14.56,45.074219999999976,0.06016528925619835,0,0.0
323,2019-08-24 13:08:05+00:00,46.363912,10.673522,1591.472,-3.808999999999969,833.4969999999998,33.15,45.107369999999975,4.735714285714286,0,0.0
324,2019-08-24 13:08:16+00:00,46.36376,10.674043,1584.393,-7.078999999999951,826.4179999999999,43.4,45.15076999999997,3.9454545454545453,0,0.0
325,2019-08-24 13:08:25+00:00,46.363429,10.67418,1580.165,-4.2280000000000655,822.1899999999998,38.28,45.18904999999997,4.253333333333334,0,0.0
326,2019-08-24 13:08:39+00:00,46.363737,10.674989,1575.121,-5.043999999999869,817.146,70.9,45.259949999999975,5.064285714285715,0,0.0
327,2019-08-24 13:08:45+00:00,46.36341,10.675259,1569.508,-5.613000000000056,811.5329999999999,41.85,45.30179999999997,6.9750000000000005,0,0.0
328,2019-08-24 13:09:09+00:00,46.36268,10.67751,1545.663,-23.845000000000027,787.6879999999999,190.85,45.49264999999997,7.952083333333333,0,0.0
329,2019-08-24 13:09:19+00:00,46.362977,10.678521,1540.819,-4.844000000000051,782.8439999999998,84.32,45.576969999999974,8.431999999999999,0,0.0
330,2019-08-24 13:09:55+00:00,46.364264,10.681046,1527.113,-13.705999999999904,769.1379999999999,240.87,45.817839999999975,6.690833333333334,0,0.0
331,2019-08-24 13:10:09+00:00,46.365266,10.681791,1516.191,-10.922000000000025,758.2159999999999,125.23,45.94306999999998,8.945,0,0.0
332,2019-08-24 13:10:23+00:00,46.365901,10.682909,1506.142,-10.048999999999978,748.1669999999999,111.11,46.05417999999998,7.936428571428571,0,0.0
333,2019-08-24 13:10:51+00:00,46.367485,10.684549,1478.386,-27.756000000000085,720.4109999999998,216.47,46.27064999999998,7.731071428571428,0,0.0
334,2019-08-24 13:11:13+00:00,46.366375,10.684434,1458.854,-19.531999999999925,700.8789999999999,123.74,46.39438999999998,5.624545454545454,0,0.0
335,2019-08-24 13:11:39+00:00,46.367508,10.685581,1438.255,-20.598999999999933,680.28,153.68,46.54806999999998,5.910769230769231,0,0.0
336,2019-08-24 13:12:03+00:00,46.368748,10.686229,1420.648,-17.6070000000002,662.6729999999998,146.57,46.69463999999998,6.107083333333333,0,0.0
337,2019-08-24 13:12:32+00:00,46.369754,10.687277,1390.261,-30.386999999999944,632.2859999999998,137.76,46.83239999999998,4.750344827586207,0,0.0
338,2019-08-24 13:13:12+00:00,46.368001,10.687356,1361.117,-29.144000000000005,603.1419999999998,195.02,47.02741999999998,4.875500000000001,0,0.0
339,2019-08-24 13:13:24+00:00,46.368062,10.687852,1352.908,-8.20900000000006,594.9329999999998,38.66,47.06607999999998,3.2216666666666662,0,0.0
340,2019-08-24 13:13:40+00:00,46.367144,10.688133,1331.748,-21.159999999999854,573.7729999999999,104.33,47.17040999999998,6.520625,0,0.0
341,2019-08-24 13:13:54+00:00,46.366303,10.687789,1324.144,-7.604000000000042,566.1689999999999,97.17,47.26757999999998,6.940714285714286,0,0.0
342,2019-08-24 13:14:35+00:00,46.363643,10.68764,1276.098,-48.04600000000005,518.1229999999998,296.0,47.56357999999998,7.219512195121951,0,0.0
343,2019-08-24 13:14:47+00:00,46.362866,10.687997,1255.656,-20.442000000000007,497.6809999999998,90.64,47.65421999999998,7.553333333333334,0,0.0
344,2019-08-24 13:14:59+00:00,46.362544,10.688599,1234.057,-21.598999999999933,476.0819999999999,58.45,47.712669999999974,4.870833333333334,0,0.0
345,2019-08-24 13:15:37+00:00,46.362406,10.689903,1213.341,-20.716000000000122,455.36599999999976,101.23,47.81389999999998,2.6639473684210526,0,0.0
346,2019-08-24 13:16:08+00:00,46.361143,10.689613,1201.439,-11.901999999999816,443.46399999999994,142.19,47.95608999999998,4.586774193548387,0,0.0
347,2019-08-24 13:16:31+00:00,46.359718,10.690138,1192.49,-8.94900000000007,434.5149999999999,163.49,48.11957999999998,7.108260869565218,0,0.0
348,2019-08-24 13:17:11+00:00,46.357354,10.690426,1189.084,-3.405999999999949,431.1089999999999,263.79,48.38336999999998,6.59475,0,0.0
349,2019-08-24 13:17:59+00:00,46.355441,10.689547,1186.307,-2.7770000000000437,428.3319999999999,223.16,48.606529999999985,4.649166666666667,0,0.0
350,2019-08-24 13:18:35+00:00,46.353134,10.690597,1176.817,-9.490000000000009,418.84199999999987,268.89,48.875419999999984,7.469166666666666,0,0.0
351,2019-08-24 13:18:45+00:00,46.352569,10.691346,1173.208,-3.6089999999999236,415.23299999999995,85.16,48.960579999999986,8.516,0,0.0
352,2019-08-24 13:18:53+00:00,46.352384,10.690816,1168.882,-4.326000000000022,410.9069999999999,45.58,49.00615999999999,5.6975,0,0.0
353,2019-08-24 13:19:00+00:00,46.352172,10.690826,1165.298,-3.58400000000006,407.32299999999987,23.59,49.029749999999986,3.37,0,0.0
354,2019-08-24 13:19:40+00:00,46.350933,10.693292,1159.852,-5.445999999999913,401.87699999999995,234.1,49.263849999999984,5.8525,0,0.0
355,2019-08-24 13:20:01+00:00,46.350953,10.693757,1162.21,2.3579999999999472,404.2349999999999,35.76,49.29960999999999,1.7028571428571428,0,0.0
356,2019-08-24 13:48:10+00:00,46.350924,10.693481,1155.421,-6.788999999999987,397.4459999999999,21.43,49.32103999999999,0.012687981053878035,0,0.0
357,2019-08-24 13:48:37+00:00,46.3513,10.692948,1160.735,5.313999999999851,402.75999999999976,58.49,49.37952999999998,2.1662962962962964,0,0.0
358,2019-08-24 13:48:51+00:00,46.351315,10.692398,1161.263,0.52800000000002,403.2879999999998,42.25,49.421779999999984,3.017857142857143,0,0.0
359,2019-08-24 13:49:15+00:00,46.351774,10.691615,1163.454,2.191000000000031,405.4789999999998,78.84,49.500619999999984,3.285,0,0.0
360,2019-08-24 13:49:24+00:00,46.351894,10.691685,1164.223,0.7690000000000055,406.2479999999998,14.38,49.51499999999998,1.597777777777778,0,0.0
361,2019-08-24 13:49:51+00:00,46.35214,10.690847,1165.583,1.3600000000001273,407.60799999999995,69.89,49.58488999999998,2.5885185185185184,0,0.0
362,2019-08-24 13:50:23+00:00,46.351835,10.690347,1163.011,-2.5720000000001164,405.03599999999983,51.21,49.63609999999998,1.6003125,0,0.0
363,2019-08-24 13:55:47+00:00,46.352102,10.690915,1161.908,-1.1030000000000655,403.93299999999977,52.74,49.68883999999998,0.16277777777777777,0,0.0
364,2019-08-24 13:56:15+00:00,46.351443,10.691791,1160.076,-1.83199999999988,402.1009999999999,99.45,49.788289999999975,3.5517857142857143,0,0.0
365,2019-08-24 13:57:08+00:00,46.35135,10.69164,1162.022,1.9459999999999127,404.0469999999998,15.53,49.80381999999997,0.2930188679245283,0,0.0
366,2019-08-24 14:04:32+00:00,46.351543,10.691664,1156.946,-5.076000000000022,398.9709999999998,21.54,49.825359999999975,0.04851351351351351,0,0.0
367,2019-08-24 14:05:14+00:00,46.350443,10.693619,1158.284,1.3380000000001928,400.30899999999997,193.59,50.01894999999997,4.609285714285714,0,0.0
368,2019-08-24 14:06:13+00:00,46.347834,10.69616,1160.245,1.9609999999997854,402.26999999999975,349.57,50.36851999999997,5.924915254237288,0,0.0
369,2019-08-24 14:06:46+00:00,46.346337,10.698318,1155.959,-4.285999999999831,397.9839999999999,234.83,50.60334999999997,7.116060606060606,0,0.0
370,2019-08-24 14:07:03+00:00,46.345229,10.699437,1151.097,-4.86200000000008,393.12199999999984,150.19,50.75353999999997,8.83470588235294,0,0.0
371,2019-08-24 14:07:36+00:00,46.343557,10.701976,1148.528,-2.56899999999996,390.5529999999999,269.35,51.02288999999997,8.162121212121212,0,0.0
372,2019-08-24 14:08:09+00:00,46.340783,10.704713,1128.446,-20.082000000000107,370.4709999999998,373.21,51.39609999999997,11.309393939393939,0,0.0
373,2019-08-24 14:08:25+00:00,46.339506,10.705682,1125.388,-3.0579999999999927,367.4129999999998,160.3,51.556399999999975,10.01875,0,0.0
374,2019-08-24 14:08:47+00:00,46.338224,10.705718,1127.116,1.7280000000000655,369.14099999999985,142.58,51.69897999999998,6.480909090909091,0,0.0
375,2019-08-24 14:09:34+00:00,46.336192,10.706449,1128.908,1.7919999999999163,370.93299999999977,232.81,51.93178999999997,4.953404255319149,0,0.0
376,2019-08-24 14:09:54+00:00,46.335092,10.706304,1119.248,-9.659999999999854,361.2729999999999,122.82,52.05460999999997,6.141,0,0.0
377,2019-08-24 14:10:12+00:00,46.33391,10.707296,1105.964,-13.284000000000106,347.9889999999998,151.9,52.20650999999997,8.43888888888889,0,0.0
378,2019-08-24 14:10:23+00:00,46.333873,10.706478,1099.418,-6.546000000000049,341.44299999999976,62.94,52.26944999999998,5.721818181818182,0,0.0
379,2019-08-24 14:10:28+00:00,46.333697,10.706338,1097.716,-1.7019999999999982,339.74099999999976,22.33,52.291779999999974,4.465999999999999,0,0.0
380,2019-08-24 14:10:47+00:00,46.332517,10.708446,1084.987,-12.728999999999814,327.01199999999994,208.35,52.50012999999998,10.965789473684211,0,0.0
381,2019-08-24 14:11:02+00:00,46.330819,10.709156,1079.541,-5.44600000000014,321.5659999999998,196.52,52.69664999999997,13.101333333333335,0,0.0
382,2019-08-24 14:11:23+00:00,46.328648,10.711263,1057.199,-22.34199999999987,299.22399999999993,290.6,52.98724999999997,13.838095238095239,0,0.0
383,2019-08-24 14:11:34+00:00,46.327299,10.711575,1046.32,-10.879000000000133,288.3449999999998,151.9,53.13914999999997,13.80909090909091,0,0.0
384,2019-08-24 14:11:42+00:00,46.326495,10.712558,1040.115,-6.204999999999927,282.1399999999999,117.0,53.25614999999997,14.625,0,0.0
385,2019-08-24 14:12:12+00:00,46.323349,10.715293,1018.965,-21.149999999999977,260.9899999999999,408.02,53.66416999999997,13.600666666666665,0,0.0
386,2019-08-24 14:12:33+00:00,46.321836,10.717376,1009.511,-9.454000000000065,251.53599999999983,232.14,53.89630999999997,11.054285714285713,0,0.0
387,2019-08-24 14:12:46+00:00,46.320827,10.717314,1005.108,-4.40300000000002,247.1329999999998,112.3,54.00860999999997,8.638461538461538,0,0.0
388,2019-08-24 14:13:09+00:00,46.319598,10.718427,997.585,-7.522999999999911,239.6099999999999,161.19,54.169799999999974,7.008260869565217,0,0.0
389,2019-08-24 14:13:31+00:00,46.318903,10.720129,986.181,-11.403999999999996,228.2059999999999,151.84,54.321639999999974,6.901818181818182,0,0.0
390,2019-08-24 14:14:47+00:00,46.315976,10.723332,960.055,-26.12600000000009,202.0799999999998,407.97,54.72960999999997,5.368026315789474,0,0.0
391,2019-08-24 14:15:05+00:00,46.315453,10.724681,956.053,-4.001999999999953,198.07799999999986,118.81,54.84841999999997,6.600555555555555,0,0.0
392,2019-08-24 14:15:34+00:00,46.314281,10.726491,947.774,-8.278999999999996,189.79899999999986,190.55,55.03896999999997,6.570689655172414,0,0.0
393,2019-08-24 14:16:07+00:00,46.312761,10.727524,934.728,-13.04600000000005,176.75299999999982,186.71,55.22567999999997,5.657878787878788,0,0.0
394,2019-08-24 14:16:23+00:00,46.312318,10.728524,938.896,4.168000000000006,180.92099999999982,91.24,55.31691999999997,5.7025,0,0.0
395,2019-08-24 14:18:46+00:00,46.311226,10.729455,970.817,31.92100000000005,212.84199999999987,140.92,55.45783999999997,0.9854545454545454,0,0.0
396,2019-08-24 14:19:23+00:00,46.310588,10.730432,983.987,13.169999999999959,226.01199999999983,103.27,55.561109999999964,2.791081081081081,0,0.0
397,2019-08-24 14:19:42+00:00,46.310282,10.730149,988.142,4.155000000000086,230.16699999999992,40.38,55.60148999999996,2.125263157894737,0,0.0
398,2019-08-24 14:20:21+00:00,46.308839,10.731519,987.626,-0.5160000000000764,229.65099999999984,191.88,55.79336999999996,4.92,0,0.0
399,2019-08-24 14:20:29+00:00,46.308535,10.732089,984.108,-3.518000000000029,226.1329999999998,55.31,55.84867999999996,6.91375,0,0.0
400,2019-08-24 14:20:39+00:00,46.308572,10.733083,981.042,-3.0659999999999172,223.0669999999999,76.46,55.925139999999956,7.645999999999999,0,0.0
401,2019-08-24 14:20:49+00:00,46.308366,10.733675,981.318,0.2759999999999536,223.34299999999985,50.92,55.976059999999954,5.0920000000000005,0,0.0
402,2019-08-24 14:20:59+00:00,46.308454,10.734484,977.412,-3.905999999999949,219.4369999999999,62.91,56.038969999999956,6.2909999999999995,0,0.0
403,2019-08-24 14:21:44+00:00,46.310154,10.739404,953.41,-24.002000000000066,195.43499999999983,422.54,56.46150999999996,9.389777777777779,0,0.0
404,2019-08-24 14:21:50+00:00,46.310061,10.740011,953.551,0.1410000000000764,195.5759999999999,47.76,56.50926999999996,7.96,0,0.0
405,2019-08-24 14:21:56+00:00,46.309773,10.740426,950.035,-3.5160000000000764,192.05999999999983,45.18,56.55444999999996,7.53,0,0.0
406,2019-08-24 14:22:22+00:00,46.309395,10.74328,944.953,-5.081999999999994,186.97799999999984,223.21,56.77765999999996,8.585,0,0.0
407,2019-08-24 14:22:50+00:00,46.308606,10.745418,941.014,-3.9389999999999645,183.03899999999987,186.19,56.963849999999965,6.649642857142857,0,0.0
408,2019-08-24 14:23:06+00:00,46.308431,10.747055,938.782,-2.231999999999971,180.8069999999999,127.24,57.09108999999996,7.9525,0,0.0
409,2019-08-24 14:23:17+00:00,46.307817,10.747039,939.343,0.5609999999999218,181.36799999999982,68.28,57.15936999999996,6.207272727272727,0,0.0
410,2019-08-24 14:23:36+00:00,46.307381,10.748566,940.217,0.8740000000000236,182.24199999999985,126.92,57.28628999999996,6.68,0,0.0
411,2019-08-24 14:23:56+00:00,46.306339,10.748627,944.308,4.091000000000008,186.33299999999986,115.96,57.40224999999996,5.798,0,0.0
412,2019-08-24 14:24:04+00:00,46.306213,10.749076,944.052,-0.2559999999999718,186.07699999999988,37.23,57.43947999999996,4.65375,0,0.0
413,2019-08-24 14:24:45+00:00,46.306799,10.753427,936.858,-7.194000000000074,178.8829999999998,340.51,57.77998999999996,8.305121951219512,0,0.0
414,2019-08-24 14:24:52+00:00,46.307053,10.753804,935.952,-0.9059999999999491,177.97699999999986,40.45,57.820439999999955,5.778571428571429,0,0.0
415,2019-08-24 14:24:56+00:00,46.307445,10.753871,930.25,-5.701999999999998,172.27499999999986,43.89,57.86432999999996,10.9725,0,0.0
416,2019-08-24 14:25:09+00:00,46.308115,10.755082,923.221,-7.028999999999996,165.24599999999987,119.18,57.98350999999996,9.167692307692308,0,0.0
417,2019-08-24 14:25:17+00:00,46.308739,10.755225,921.825,-1.3959999999999582,163.8499999999999,70.25,58.05375999999996,8.78125,0,0.0
418,2019-08-24 14:25:20+00:00,46.308847,10.755492,922.073,0.2479999999999336,164.09799999999984,23.77,58.07752999999995,7.923333333333333,0,0.0
419,2019-08-24 14:25:27+00:00,46.30865,10.756078,923.074,1.0009999999999764,165.09899999999982,50.06,58.127589999999955,7.151428571428572,0,0.0
420,2019-08-24 14:25:45+00:00,46.308615,10.757687,927.351,4.277000000000044,169.37599999999986,123.65,58.25123999999995,6.8694444444444445,0,0.0
421,2019-08-24 14:25:53+00:00,46.308398,10.758239,929.901,2.5499999999999545,171.92599999999982,48.78,58.300019999999954,6.0975,0,0.0
422,2019-08-24 14:26:06+00:00,46.308398,10.759439,930.111,0.21000000000003638,172.13599999999985,92.17,58.39218999999995,7.09,0,0.0
423,2019-08-24 14:26:13+00:00,46.308268,10.759588,930.408,0.29700000000002547,172.43299999999988,18.44,58.410629999999955,2.6342857142857143,0,0.0
424,2019-08-24 14:26:32+00:00,46.308433,10.760961,924.249,-6.158999999999992,166.2739999999999,107.05,58.517679999999956,5.63421052631579,0,0.0
425,2019-08-24 14:26:46+00:00,46.309018,10.762072,920.395,-3.854000000000042,162.41999999999985,107.3,58.62497999999996,7.664285714285714,0,0.0
426,2019-08-24 14:27:01+00:00,46.308907,10.763678,918.179,-2.216000000000008,160.20399999999984,123.97,58.74894999999996,8.264666666666667,0,0.0
427,2019-08-24 14:27:10+00:00,46.309322,10.764238,917.717,-0.4619999999999891,159.74199999999985,63.08,58.812029999999965,7.0088888888888885,0,0.0
428,2019-08-24 14:27:33+00:00,46.310068,10.763352,917.158,-0.5589999999999691,159.18299999999988,107.29,58.91931999999996,4.664782608695653,0,0.0
429,2019-08-24 14:28:28+00:00,46.310153,10.768472,913.982,-3.1760000000000446,156.00699999999983,393.37,59.31268999999997,7.152181818181818,0,0.0
430,2019-08-24 14:28:45+00:00,46.309864,10.76996,917.37,3.3880000000000337,159.39499999999987,118.72,59.431409999999964,6.983529411764706,0,0.0
431,2019-08-24 14:29:14+00:00,46.310492,10.772164,919.071,1.7010000000000218,161.0959999999999,183.12,59.61452999999997,6.31448275862069,0,0.0
432,2019-08-24 14:29:44+00:00,46.310453,10.774443,923.353,4.281999999999925,165.37799999999982,175.1,59.78962999999997,5.836666666666667,0,0.0
433,2019-08-24 14:30:03+00:00,46.310215,10.776102,924.104,0.75100000000009,166.1289999999999,130.14,59.919769999999964,6.849473684210525,0,0.0
434,2019-08-24 14:30:29+00:00,46.310408,10.778907,919.514,-4.590000000000032,161.53899999999987,216.51,60.13627999999997,8.327307692307691,0,0.0
435,2019-08-24 14:30:52+00:00,46.311079,10.781504,914.808,-4.706000000000017,156.83299999999986,212.97,60.34924999999997,9.259565217391303,0,0.0
436,2019-08-24 14:31:11+00:00,46.312465,10.782493,909.889,-4.918999999999983,151.91399999999987,171.82,60.52106999999997,9.043157894736842,0,0.0
437,2019-08-24 14:31:30+00:00,46.31333,10.784324,906.485,-3.4039999999999964,148.50999999999988,170.38,60.69144999999997,8.967368421052631,0,0.0
438,2019-08-24 14:32:02+00:00,46.313178,10.787485,911.389,4.903999999999996,153.41399999999987,243.37,60.934819999999974,7.6053125,0,0.0
439,2019-08-24 14:32:21+00:00,46.313619,10.789543,906.227,-5.162000000000035,148.25199999999984,165.49,61.10030999999997,8.71,0,0.0
440,2019-08-24 14:32:34+00:00,46.313341,10.79105,903.768,-2.4589999999999463,145.7929999999999,119.8,61.22010999999997,9.215384615384615,0,0.0
441,2019-08-24 14:32:45+00:00,46.313525,10.792574,896.242,-7.526000000000067,138.26699999999983,118.82,61.33892999999997,10.80181818181818,0,0.0
442,2019-08-24 14:33:01+00:00,46.314224,10.79454,888.17,-8.072000000000003,130.19499999999982,169.83,61.508759999999974,10.614375,0,0.0
443,2019-08-24 14:33:18+00:00,46.314334,10.796184,884.671,-3.49899999999991,126.69599999999991,126.85,61.63560999999997,7.461764705882352,0,0.0
444,2019-08-24 14:33:32+00:00,46.313934,10.797065,885.173,0.5019999999999527,127.19799999999987,80.97,61.71657999999997,5.783571428571428,0,0.0
445,2019-08-24 14:34:10+00:00,46.313487,10.800547,878.085,-7.087999999999965,120.1099999999999,272.01,61.988589999999974,7.158157894736842,0,0.0
446,2019-08-24 14:34:23+00:00,46.313704,10.801241,873.913,-4.1720000000000255,115.93799999999987,58.51,62.04709999999998,4.50076923076923,0,0.0
447,2019-08-24 14:35:01+00:00,46.314045,10.80472,871.908,-2.0049999999999955,113.93299999999988,269.88,62.31697999999997,7.1021052631578945,0,0.0
448,2019-08-24 14:35:20+00:00,46.314371,10.806245,868.351,-3.5570000000000164,110.37599999999986,122.61,62.439589999999974,6.453157894736842,0,0.0
449,2019-08-24 14:35:32+00:00,46.314338,10.807178,869.157,0.80600000000004,111.1819999999999,71.75,62.511339999999976,5.979166666666667,0,0.0
450,2019-08-24 14:36:03+00:00,46.314963,10.810485,859.771,-9.386000000000081,101.79599999999982,263.32,62.774659999999976,8.494193548387097,0,0.0
451,2019-08-24 14:36:18+00:00,46.315879,10.812362,856.669,-3.1019999999999754,98.69399999999985,176.51,62.951169999999976,11.767333333333333,0,0.0
452,2019-08-24 14:36:26+00:00,46.316043,10.81313,855.35,-1.31899999999996,97.37499999999989,61.74,63.01290999999998,7.7175,0,0.0
453,2019-08-24 14:36:33+00:00,46.316401,10.813749,852.394,-2.9560000000000173,94.41899999999987,62.01,63.07491999999998,8.858571428571429,0,0.0
454,2019-08-24 14:36:39+00:00,46.316723,10.813727,848.952,-3.4420000000000073,90.97699999999986,35.84,63.11075999999997,5.973333333333334,0,0.0
455,2019-08-24 14:36:48+00:00,46.317198,10.814606,844.683,-4.2690000000000055,86.70799999999986,85.71,63.19646999999997,9.523333333333333,0,0.0
456,2019-08-24 14:37:05+00:00,46.318612,10.815619,841.118,-3.564999999999941,83.14299999999992,175.42,63.37188999999997,10.318823529411764,0,0.0
457,2019-08-24 14:37:16+00:00,46.319239,10.816613,836.998,-4.1200000000000045,79.02299999999991,103.38,63.475269999999966,9.398181818181818,0,0.0
458,2019-08-24 14:37:36+00:00,46.319372,10.818444,836.017,-0.9809999999999945,78.04199999999992,141.39,63.61665999999997,7.0695,0,0.0
459,2019-08-24 14:37:42+00:00,46.319677,10.81856,834.608,-1.4090000000001055,76.63299999999981,35.06,63.65171999999996,5.843333333333334,0,0.0
460,2019-08-24 14:37:51+00:00,46.319644,10.81947,832.965,-1.6429999999999154,74.9899999999999,69.98,63.72169999999997,7.775555555555556,0,0.0
461,2019-08-24 14:38:32+00:00,46.320297,10.823773,828.291,-4.673999999999978,70.31599999999992,338.33,64.06002999999997,8.251951219512195,0,0.0
462,2019-08-24 14:38:54+00:00,46.319292,10.825594,825.345,-2.9460000000000264,67.36999999999989,179.01,64.23903999999997,8.136818181818182,0,0.0
463,2019-08-24 14:39:08+00:00,46.318753,10.82506,827.633,2.288000000000011,69.6579999999999,72.62,64.31165999999997,5.187142857142858,0,0.0
464,2019-08-24 14:39:20+00:00,46.318264,10.825804,824.974,-2.658999999999992,66.99899999999991,78.87,64.39052999999998,6.572500000000001,0,0.0
465,2019-08-24 14:39:38+00:00,46.31788,10.827769,818.348,-6.62600000000009,60.37299999999982,156.83,64.54735999999998,8.712777777777779,0,0.0
466,2019-08-24 14:41:22+00:00,46.320429,10.838992,804.896,-13.451999999999998,46.92099999999982,907.29,65.45464999999999,8.723942307692308,0,0.0
467,2019-08-24 14:41:35+00:00,46.320783,10.838983,805.767,0.8710000000000946,47.791999999999916,39.37,65.49401999999998,3.028461538461538,0,0.0
468,2019-08-24 14:42:05+00:00,46.320634,10.841629,798.747,-7.0200000000000955,40.77199999999982,203.87,65.69788999999999,6.7956666666666665,0,0.0
469,2019-08-24 14:42:26+00:00,46.320763,10.843998,795.529,-3.217999999999961,37.55399999999986,182.49,65.88037999999999,8.690000000000001,0,0.0
470,2019-08-24 14:42:42+00:00,46.321176,10.84558,793.921,-1.6079999999999472,35.94599999999991,129.88,66.01025999999999,8.1175,0,0.0
471,2019-08-24 14:43:14+00:00,46.322565,10.848519,788.908,-5.013000000000034,30.93299999999988,273.48,66.28374,8.54625,0,0.0
472,2019-08-24 14:43:26+00:00,46.322777,10.849828,788.918,0.009999999999990905,30.94299999999987,103.25,66.38699,8.604166666666666,0,0.0
473,2019-08-24 14:43:33+00:00,46.322709,10.850561,789.054,0.13599999999996726,31.078999999999837,56.79,66.44377999999999,8.112857142857143,0,0.0
474,2019-08-24 14:43:48+00:00,46.322138,10.851889,788.678,-0.37599999999997635,30.70299999999986,120.13,66.56390999999999,8.008666666666667,0,0.0
475,2019-08-24 14:44:07+00:00,46.321881,10.853663,788.726,0.04800000000000182,30.750999999999863,139.19,66.70309999999999,7.32578947368421,0,0.0
476,2019-08-24 14:44:19+00:00,46.321448,10.853819,789.697,0.9710000000000036,31.721999999999866,49.62,66.75271999999998,4.135,0,0.0
477,2019-08-24 14:44:32+00:00,46.321069,10.854612,790.321,0.6240000000000236,32.34599999999989,74.06,66.82677999999999,5.696923076923077,0,0.0
478,2019-08-24 14:45:04+00:00,46.321071,10.857609,784.499,-5.822000000000003,26.523999999999887,230.15,67.05692999999998,7.1921875,0,0.0
479,2019-08-24 14:45:17+00:00,46.321524,10.858626,784.26,-0.23900000000003274,26.284999999999854,92.93,67.14985999999998,7.148461538461539,0,0.0
480,2019-08-24 14:45:30+00:00,46.321751,10.859765,784.586,0.32600000000002183,26.610999999999876,91.04,67.24089999999997,7.003076923076923,0,0.0
481,2019-08-24 14:45:43+00:00,46.322249,10.860649,784.66,0.07399999999995543,26.68499999999983,87.61,67.32850999999997,6.739230769230769,0,0.0
482,2019-08-24 14:46:30+00:00,46.325127,10.860822,784.026,-0.6340000000000146,26.050999999999817,320.3,67.64880999999997,6.814893617021277,0,0.0
483,2019-08-24 14:46:54+00:00,46.326001,10.861602,784.408,0.38200000000006185,26.43299999999988,114.16,67.76296999999997,4.756666666666667,0,0.0
484,2019-08-24 14:47:00+00:00,46.325947,10.861358,780.862,-3.546000000000049,22.88699999999983,19.67,67.78263999999997,3.2783333333333338,0,0.0
485,2019-08-24 14:47:06+00:00,46.326202,10.861114,778.978,-1.8840000000000146,21.002999999999815,33.99,67.81662999999998,5.665,0,0.0
486,2019-08-24 14:47:18+00:00,46.326661,10.861815,775.932,-3.0459999999999354,17.95699999999988,74.18,67.89080999999997,6.1816666666666675,0,0.0
487,2019-08-24 14:47:28+00:00,46.326813,10.862584,776.76,0.8279999999999745,18.784999999999854,61.42,67.95222999999997,6.142,0,0.0
488,2019-08-24 14:47:50+00:00,46.327855,10.864416,766.471,-10.288999999999987,8.495999999999867,182.24,68.13446999999998,8.283636363636363,0,0.0
489,2019-08-24 14:48:09+00:00,46.327799,10.866541,761.975,-4.495999999999981,3.9999999999998863,163.28,68.29774999999997,8.593684210526316,0,0.0
490,2019-08-24 14:48:46+00:00,46.328324,10.870922,754.663,-7.312000000000012,-3.3120000000001255,341.42,68.63916999999996,9.227567567567569,0,0.0
491,2019-08-24 14:48:52+00:00,46.328586,10.870923,754.684,0.020999999999958163,-3.2910000000001673,29.13,68.66829999999997,4.8549999999999995,0,0.0
492,2019-08-24 14:49:20+00:00,46.328819,10.873036,749.723,-4.961000000000013,-8.25200000000018,164.3,68.83259999999997,5.867857142857143,0,0.0
493,2019-08-24 14:49:43+00:00,46.329674,10.873016,752.883,3.160000000000082,-5.092000000000098,95.08,68.92767999999998,4.133913043478261,0,0.0
494,2019-08-24 14:50:41+00:00,46.33078,10.877832,745.011,-7.872000000000071,-12.96400000000017,389.69,69.31736999999998,6.7187931034482755,0,0.0
495,2019-08-24 14:50:50+00:00,46.331145,10.878606,744.308,-0.7029999999999745,-13.667000000000144,71.96,69.38932999999999,7.995555555555555,0,0.0
496,2019-08-24 14:51:20+00:00,46.33262,10.880532,742.426,-1.8819999999999482,-15.549000000000092,220.83,69.61016,7.361000000000001,0,0.0
497,2019-08-24 14:51:36+00:00,46.332525,10.881985,737.312,-5.114000000000033,-20.663000000000125,112.06,69.72222,7.00375,0,0.0
498,2019-08-24 14:52:01+00:00,46.33181,10.883466,736.086,-1.225999999999999,-21.889000000000124,138.75,69.86096999999998,5.55,0,0.0
499,2019-08-24 14:52:27+00:00,46.331663,10.882555,737.954,1.8679999999999382,-20.021000000000186,71.83,69.93279999999999,2.7626923076923076,0,0.0
