time,latitude,longitude,elevation,elevation_diff,distance,speed,cum_elevation,cum_distance,counter
2018-06-10 09:06:19+00:00,46.361323,10.928034,743.547,0.0,0.0,0.0,0.0,0.0,0
2018-06-10 09:06:22+00:00,46.360953,10.928092,743.529,-0.018000000000029104,41.38,13.793333333333335,-0.018000000000029104,0.04138,0
2018-06-10 09:06:24+00:00,46.360976,10.92784,743.521,-0.008000000000038199,19.51,9.755,-0.026000000000067303,0.06089,0
2018-06-10 09:06:25+00:00,46.36084,10.92807,743.508,-0.012999999999919964,23.24,23.24,-0.03899999999998727,0.08413,0
2018-06-10 09:07:19+00:00,46.361103,10.928122,743.526,0.017999999999915417,29.52,0.5466666666666666,-0.02100000000007185,0.11364999999999999,0
2018-06-10 09:07:23+00:00,46.361171,10.928002,743.579,0.05299999999999727,11.92,2.98,0.03199999999992542,0.12557,0
2018-06-10 09:07:35+00:00,46.360958,10.927395,743.74,0.1610000000000582,52.26,4.3549999999999995,0.19299999999998363,0.17783,0
2018-06-10 09:08:08+00:00,46.36116,10.925857,747.359,3.619000000000028,120.14,3.6406060606060606,3.812000000000012,0.29796999999999996,0
2018-06-10 09:08:35+00:00,46.360323,10.924123,744.577,-2.782000000000039,162.38,6.014074074074074,1.0299999999999727,0.46035,0
2018-06-10 09:08:47+00:00,46.359629,10.924812,739.858,-4.719000000000051,93.54,7.795000000000001,-3.689000000000078,0.55389,0
2018-06-10 09:09:02+00:00,46.358685,10.925372,731.863,-7.994999999999891,113.42,7.561333333333334,-11.683999999999969,0.66731,0
2018-06-10 09:09:04+00:00,46.358571,10.925324,730.638,-1.2250000000000227,13.2,6.6,-12.908999999999992,0.68051,0
2018-06-10 09:09:10+00:00,46.358482,10.924702,728.444,-2.1940000000000737,48.75,8.125,-15.103000000000065,0.72926,0
2018-06-10 09:09:19+00:00,46.358026,10.924691,726.805,-1.63900000000001,50.71,5.634444444444444,-16.742000000000075,0.77997,0
2018-06-10 09:09:34+00:00,46.357729,10.926219,722.515,-4.289999999999964,121.82,8.121333333333332,-21.03200000000004,0.90179,0
2018-06-10 09:09:43+00:00,46.35786,10.926956,723.208,0.6929999999999836,58.4,6.488888888888889,-20.339000000000055,0.96019,0
2018-06-10 09:09:48+00:00,46.357725,10.927129,724.216,1.0080000000000382,20.04,4.008,-19.331000000000017,0.9802299999999999,0
2018-06-10 09:10:01+00:00,46.357074,10.926159,718.939,-5.277000000000044,103.83,7.986923076923077,-24.60800000000006,1.08406,0
2018-06-10 09:10:15+00:00,46.356224,10.925433,706.28,-12.658999999999992,109.72,7.837142857142857,-37.26700000000005,1.19378,0
2018-06-10 09:10:27+00:00,46.356566,10.923974,695.829,-10.451000000000022,118.25,9.854166666666666,-47.718000000000075,1.31203,0
2018-06-10 09:10:38+00:00,46.356686,10.922708,693.577,-2.2519999999999527,98.07,8.915454545454544,-49.97000000000003,1.4101,0
2018-06-10 09:10:51+00:00,46.356544,10.921883,689.078,-4.499000000000024,65.25,5.019230769230769,-54.46900000000005,1.47535,0
2018-06-10 09:11:11+00:00,46.355628,10.921997,686.523,-2.55499999999995,102.23,5.1115,-57.024,1.57758,0
2018-06-10 09:11:23+00:00,46.355255,10.922452,687.348,0.8249999999999318,54.22,4.5183333333333335,-56.19900000000007,1.6318,0
2018-06-10 09:11:34+00:00,46.354776,10.922697,684.697,-2.6509999999999536,56.48,5.134545454545454,-58.85000000000002,1.68828,0
2018-06-10 09:11:47+00:00,46.354252,10.922633,684.823,0.12599999999997635,58.47,4.497692307692308,-58.724000000000046,1.74675,0
2018-06-10 09:11:59+00:00,46.353782,10.922925,685.425,0.6019999999999754,56.86,4.738333333333333,-58.12200000000007,1.80361,0
2018-06-10 09:12:07+00:00,46.353461,10.922947,686.208,0.7830000000000155,35.73,4.46625,-57.339000000000055,1.83934,0
2018-06-10 09:12:58+00:00,46.351989,10.921549,692.651,6.442999999999984,195.71,3.837450980392157,-50.89600000000007,2.03505,0
2018-06-10 09:13:38+00:00,46.350663,10.920689,696.154,3.5030000000000427,161.54,4.0385,-47.39300000000003,2.19659,0
2018-06-10 09:13:54+00:00,46.350142,10.919855,697.235,1.0810000000000173,86.33,5.395625,-46.31200000000001,2.2829200000000003,0
2018-06-10 09:14:06+00:00,46.349928,10.919216,698.254,1.0190000000000055,54.51,4.5424999999999995,-45.293000000000006,2.3374300000000003,0
2018-06-10 09:14:24+00:00,46.349868,10.917955,698.762,0.5079999999999245,97.01,5.389444444444445,-44.78500000000008,2.4344400000000004,0
2018-06-10 09:14:36+00:00,46.349673,10.917223,699.643,0.8810000000000855,60.22,5.0183333333333335,-43.903999999999996,2.49466,0
2018-06-10 09:16:11+00:00,46.346607,10.912392,706.068,6.4249999999999545,503.71,5.302210526315789,-37.47900000000004,2.9983700000000004,0
2018-06-10 09:16:24+00:00,46.346051,10.911825,706.343,0.27499999999997726,75.61,5.8161538461538465,-37.204000000000065,3.0739800000000006,0
2018-06-10 09:16:59+00:00,46.344646,10.911007,708.768,2.425000000000068,168.37,4.8105714285714285,-34.778999999999996,3.2423500000000005,0
2018-06-10 09:17:14+00:00,46.344229,10.910316,709.642,0.8740000000000236,70.45,4.696666666666667,-33.90499999999997,3.3128,0
2018-06-10 09:17:38+00:00,46.343807,10.909006,711.226,1.5839999999999463,110.97,4.62375,-32.321000000000026,3.42377,0
2018-06-10 09:17:55+00:00,46.343206,10.908364,712.508,1.282000000000039,83.03,4.884117647058823,-31.038999999999987,3.5068,0
2018-06-10 09:18:40+00:00,46.341306,10.908027,715.758,3.25,212.85,4.7299999999999995,-27.788999999999987,3.71965,0
2018-06-10 09:19:04+00:00,46.341835,10.907152,720.211,4.4529999999999745,89.28,3.72,-23.336000000000013,3.80893,0
2018-06-10 09:19:20+00:00,46.341306,10.906811,721.452,1.2409999999999854,64.38,4.02375,-22.095000000000027,3.8733100000000005,0
2018-06-10 09:20:05+00:00,46.339941,10.90458,724.421,2.969000000000051,228.84,5.085333333333334,-19.125999999999976,4.102150000000001,0
2018-06-10 09:20:38+00:00,46.338745,10.902987,725.789,1.3679999999999382,180.67,5.474848484848485,-17.758000000000038,4.282820000000001,0
2018-06-10 09:20:45+00:00,46.338835,10.902678,725.71,-0.07899999999995089,25.75,3.6785714285714284,-17.83699999999999,4.3085700000000005,0
2018-06-10 09:21:13+00:00,46.337914,10.901315,727.475,1.7649999999999864,146.41,5.228928571428571,-16.072000000000003,4.454980000000001,0
2018-06-10 09:21:32+00:00,46.337488,10.900335,729.01,1.5349999999999682,88.9,4.678947368421053,-14.537000000000035,4.54388,0
2018-06-10 09:22:09+00:00,46.336418,10.899221,730.757,1.7469999999999573,146.53,3.96027027027027,-12.790000000000077,4.69041,0
2018-06-10 09:22:22+00:00,46.335889,10.898866,731.4,0.6430000000000291,64.83,4.986923076923077,-12.147000000000048,4.75524,0
2018-06-10 09:22:41+00:00,46.335009,10.898809,730.82,-0.5799999999999272,97.95,5.155263157894737,-12.726999999999975,4.85319,0
2018-06-10 09:22:52+00:00,46.334543,10.898611,731.808,0.9879999999999427,54.0,4.909090909090909,-11.739000000000033,4.90719,0
2018-06-10 09:23:24+00:00,46.333565,10.897265,734.277,2.469000000000051,150.02,4.688125,-9.269999999999982,5.05721,0
2018-06-10 09:24:09+00:00,46.332683,10.894726,736.64,2.3629999999999427,218.22,4.849333333333333,-6.907000000000039,5.27543,0
2018-06-10 09:24:48+00:00,46.332457,10.891858,738.931,2.2910000000000537,221.63,5.682820512820513,-4.6159999999999854,5.49706,0
2018-06-10 09:24:58+00:00,46.33219,10.891358,739.01,0.07899999999995089,48.53,4.853,-4.537000000000035,5.54559,0
2018-06-10 09:26:49+00:00,46.331058,10.884221,747.928,8.918000000000006,562.24,5.065225225225225,4.380999999999972,6.10783,0
2018-06-10 09:29:00+00:00,46.328725,10.876274,759.769,11.841000000000008,663.03,5.061297709923664,16.22199999999998,6.77086,0
2018-06-10 09:29:28+00:00,46.328617,10.874695,762.464,2.69500000000005,121.83,4.351071428571428,18.91700000000003,6.89269,0
2018-06-10 09:30:04+00:00,46.328752,10.872592,765.969,3.5049999999999955,162.17,4.504722222222222,22.422000000000025,7.05486,0
2018-06-10 09:30:34+00:00,46.328679,10.870924,769.668,3.6989999999999554,128.33,4.277666666666667,26.12099999999998,7.18319,0
2018-06-10 09:33:03+00:00,46.328327,10.870794,771.142,1.4740000000000464,40.39,0.2710738255033557,27.595000000000027,7.22358,0
2018-06-10 09:33:19+00:00,46.328165,10.870045,771.426,0.2839999999999918,60.27,3.766875,27.87900000000002,7.28385,0
2018-06-10 09:33:47+00:00,46.328127,10.868663,773.708,2.2819999999999254,106.2,3.792857142857143,30.160999999999945,7.3900500000000005,0
2018-06-10 09:34:22+00:00,46.327823,10.866685,777.588,3.8799999999999955,155.59,4.445428571428572,34.04099999999994,7.545640000000001,0
2018-06-10 09:35:13+00:00,46.327853,10.864145,782.511,4.923000000000002,195.06,3.824705882352941,38.96399999999994,7.7407,0
2018-06-10 09:35:46+00:00,46.327124,10.863294,788.572,6.0610000000000355,104.12,3.1551515151515153,45.02499999999998,7.84482,0
2018-06-10 09:36:26+00:00,46.326661,10.861718,792.481,3.908999999999992,131.51,3.28775,48.93399999999997,7.976330000000001,0
2018-06-10 09:36:41+00:00,46.326191,10.861046,792.349,-0.13199999999994816,73.44,4.896,48.80200000000002,8.04977,0
2018-06-10 09:36:47+00:00,46.325956,10.861232,791.55,-0.7990000000000919,29.78,4.963333333333334,48.00299999999993,8.07955,0
2018-06-10 09:36:59+00:00,46.326015,10.861565,794.215,2.6650000000000773,26.4,2.1999999999999997,50.668000000000006,8.10595,0
2018-06-10 09:37:09+00:00,46.32574,10.861472,796.63,2.4149999999999636,31.4,3.1399999999999997,53.08299999999997,8.13735,0
2018-06-10 09:37:27+00:00,46.325166,10.860793,795.983,-0.6470000000000482,82.41,4.578333333333333,52.43599999999992,8.21976,0
2018-06-10 09:37:42+00:00,46.324202,10.860792,793.225,-2.7579999999999245,107.19,7.146,49.678,8.32695,0
2018-06-10 09:37:57+00:00,46.323254,10.860584,792.917,-0.3079999999999927,106.62,7.1080000000000005,49.370000000000005,8.433570000000001,0
2018-06-10 09:38:11+00:00,46.322446,10.860775,794.608,1.6909999999999172,91.03,6.502142857142857,51.06099999999992,8.524600000000003,0
2018-06-10 09:38:16+00:00,46.322239,10.860665,795.49,0.8820000000000618,24.52,4.904,51.942999999999984,8.549120000000002,0
2018-06-10 09:38:32+00:00,46.321716,10.859591,794.813,-0.6770000000000209,100.92,6.3075,51.26599999999996,8.650040000000002,0
2018-06-10 09:38:45+00:00,46.321593,10.858674,794.894,0.08100000000001728,71.73,5.517692307692308,51.34699999999998,8.721770000000003,0
2018-06-10 09:38:56+00:00,46.321186,10.857943,795.043,0.1490000000000009,72.11,6.555454545454546,51.49599999999998,8.793880000000003,0
2018-06-10 09:39:41+00:00,46.321053,10.854684,800.181,5.138000000000034,250.71,5.5713333333333335,56.634000000000015,9.044590000000001,0
2018-06-10 09:40:11+00:00,46.321508,10.853679,800.222,0.04099999999993997,92.28,3.076,56.674999999999955,9.136870000000002,0
2018-06-10 09:40:22+00:00,46.321895,10.853622,800.197,-0.024999999999977263,43.25,3.9318181818181817,56.64999999999998,9.180120000000002,0
2018-06-10 09:40:42+00:00,46.322044,10.852114,799.052,-1.1449999999999818,116.98,5.849,55.504999999999995,9.297100000000002,0
2018-06-10 09:41:07+00:00,46.322717,10.850539,800.494,1.4420000000000073,142.23,5.6892,56.947,9.439330000000002,0
2018-06-10 09:41:24+00:00,46.322765,10.849406,801.257,0.76299999999992,87.17,5.12764705882353,57.70999999999992,9.526500000000002,0
2018-06-10 09:41:41+00:00,46.322415,10.848141,801.722,0.46500000000003183,104.65,6.155882352941177,58.174999999999955,9.631150000000002,0
2018-06-10 09:42:28+00:00,46.321038,10.84521,805.708,3.98599999999999,272.22,5.7919148936170215,62.160999999999945,9.90337,0
2018-06-10 09:43:00+00:00,46.320652,10.843252,807.861,2.15300000000002,156.37,4.8865625,64.31399999999996,10.059740000000001,0
2018-06-10 09:43:27+00:00,46.320578,10.841558,810.154,2.2930000000000064,130.35,4.8277777777777775,66.60699999999997,10.190090000000001,0
2018-06-10 09:44:21+00:00,46.320721,10.839059,815.325,5.171000000000049,192.57,3.566111111111111,71.77800000000002,10.382660000000001,0
2018-06-10 09:44:57+00:00,46.319916,10.838675,815.754,0.4289999999999736,94.24,2.6177777777777775,72.207,10.476900000000002,0
2018-06-10 09:45:35+00:00,46.319175,10.837543,821.152,5.398000000000025,119.78,3.1521052631578947,77.60500000000002,10.596680000000003,0
2018-06-10 09:45:51+00:00,46.319081,10.836801,821.053,-0.09900000000004638,57.93,3.620625,77.50599999999997,10.654610000000002,0
2018-06-10 09:46:11+00:00,46.319539,10.836335,820.718,-0.3350000000000364,62.24,3.112,77.17099999999994,10.716850000000003,0
2018-06-10 09:46:17+00:00,46.319527,10.83619,820.653,-0.06499999999994088,11.21,1.8683333333333334,77.106,10.728060000000001,0
2018-06-10 09:46:55+00:00,46.319356,10.836475,820.664,0.010999999999967258,28.99,0.7628947368421052,77.11699999999996,10.757050000000001,0
2018-06-10 09:47:01+00:00,46.319428,10.836559,820.706,0.04200000000003001,10.28,1.7133333333333332,77.15899999999999,10.767330000000001,0
2018-06-10 09:58:09+00:00,46.319493,10.836402,822.216,1.509999999999991,14.06,0.021047904191616767,78.66899999999998,10.781390000000002,0
2018-06-10 09:58:17+00:00,46.319424,10.836225,822.308,0.09199999999998454,15.61,1.95125,78.76099999999997,10.797000000000002,0
2018-06-10 09:58:25+00:00,46.319317,10.836285,822.538,0.2300000000000182,12.76,1.595,78.99099999999999,10.809760000000002,0
2018-06-10 09:58:58+00:00,46.319343,10.836091,822.491,-0.047000000000025466,15.18,0.45999999999999996,78.94399999999996,10.824940000000002,0
2018-06-10 09:59:49+00:00,46.319249,10.836261,822.572,0.08100000000001728,16.72,0.32784313725490194,79.02499999999998,10.841660000000001,0
2018-06-10 09:59:59+00:00,46.319132,10.83617,822.591,0.019000000000005457,14.77,1.4769999999999999,79.04399999999998,10.856430000000001,0
2018-06-10 10:00:11+00:00,46.319249,10.835722,822.289,-0.3020000000000209,36.78,3.065,78.74199999999996,10.893210000000003,0
2018-06-10 10:00:15+00:00,46.319026,10.835937,822.33,0.04100000000005366,29.79,7.4475,78.78300000000002,10.923000000000004,0
2018-06-10 10:00:46+00:00,46.319046,10.836179,822.245,-0.08500000000003638,18.72,0.6038709677419355,78.69799999999998,10.941720000000004,0
2018-06-10 10:01:32+00:00,46.318943,10.836062,821.73,-0.5149999999999864,14.56,0.3165217391304348,78.18299999999999,10.956280000000003,0
2018-06-10 10:01:41+00:00,46.319185,10.836296,821.841,0.11099999999999,32.36,3.5955555555555554,78.29399999999998,10.988640000000004,0
2018-06-10 10:04:30+00:00,46.313166,10.836493,1022.481,200.64,669.45,3.9612426035502963,278.93399999999997,11.658090000000003,1
2018-06-10 10:04:58+00:00,46.312225,10.836416,1053.009,30.52800000000002,104.8,3.742857142857143,309.462,11.762890000000002,1
2018-06-10 10:05:50+00:00,46.310459,10.836591,1126.008,72.99900000000002,196.83,3.785192307692308,382.461,11.959720000000003,1
2018-06-10 10:07:07+00:00,46.307969,10.836532,1222.086,96.07799999999997,276.91,3.5962337662337664,478.539,12.236630000000003,1
2018-06-10 10:09:20+00:00,46.303251,10.836776,1361.879,139.7929999999999,524.95,3.946992481203008,618.3319999999999,12.761580000000004,2
2018-06-10 10:11:35+00:00,46.301656,10.836346,1404.07,42.19100000000003,180.41,1.3363703703703704,660.5229999999999,12.941990000000004,2
2018-06-10 10:12:15+00:00,46.300118,10.836173,1460.259,56.18900000000008,171.53,4.28825,716.712,13.113520000000005,2
2018-06-10 10:13:21+00:00,46.297572,10.835584,1563.387,103.12799999999993,286.7,4.343939393939394,819.8399999999999,13.400220000000004,3
2018-06-10 10:14:42+00:00,46.294758,10.83516,1636.228,72.84100000000012,314.59,3.883827160493827,892.681,13.714810000000005,3
2018-06-10 10:16:58+00:00,46.289299,10.834004,1791.793,155.56499999999983,613.48,4.510882352941176,1048.2459999999999,14.328290000000004,4
2018-06-10 10:18:07+00:00,46.286544,10.833606,1860.278,68.48500000000013,307.87,4.461884057971014,1116.731,14.636160000000006,4
2018-06-10 10:18:34+00:00,46.2856,10.833337,1900.981,40.702999999999975,106.98,3.9622222222222225,1157.434,14.743140000000006,4
2018-06-10 10:18:45+00:00,46.285174,10.833385,1917.861,16.88000000000011,47.51,4.319090909090909,1174.314,14.790650000000005,4
2018-06-10 10:19:04+00:00,46.284447,10.833077,1947.817,29.955999999999904,84.23,4.433157894736842,1204.27,14.874880000000005,4
2018-06-10 10:20:38+00:00,46.280763,10.832449,2002.308,54.490999999999985,412.48,4.388085106382979,1258.761,15.287360000000005,4
2018-06-10 10:21:32+00:00,46.280615,10.832147,2001.93,-0.37799999999992906,28.45,0.5268518518518518,1258.383,15.315810000000004,4
2018-06-10 10:23:33+00:00,46.280375,10.832462,2001.533,-0.3970000000001619,36.03,0.2977685950413223,1257.9859999999999,15.351840000000006,4
2018-06-10 10:23:41+00:00,46.280079,10.832573,2000.514,-1.0190000000000055,34.0,4.25,1256.9669999999999,15.385840000000005,4
2018-06-10 10:23:47+00:00,46.279957,10.832861,1999.553,-0.9609999999997854,25.96,4.326666666666667,1256.006,15.411800000000005,4
2018-06-10 10:24:19+00:00,46.280455,10.834872,1984.761,-14.792000000000144,164.17,5.1303125,1241.214,15.575970000000005,4
2018-06-10 10:24:36+00:00,46.280505,10.836082,1976.042,-8.719000000000051,93.15,5.479411764705882,1232.495,15.669120000000005,4
2018-06-10 10:24:54+00:00,46.280889,10.837366,1962.037,-14.004999999999882,107.52,5.973333333333333,1218.49,15.776640000000004,4
2018-06-10 10:25:05+00:00,46.281428,10.837685,1958.412,-3.625,64.75,5.886363636363637,1214.865,15.841390000000004,4
2018-06-10 10:25:19+00:00,46.281706,10.83847,1954.546,-3.8659999999999854,67.79,4.842142857142858,1210.999,15.909180000000006,4
2018-06-10 10:25:43+00:00,46.282901,10.838987,1941.588,-12.958000000000084,138.69,5.77875,1198.041,16.047870000000007,4
2018-06-10 10:26:05+00:00,46.283045,10.840736,1927.516,-14.071999999999889,135.36,6.152727272727273,1183.969,16.183230000000005,4
2018-06-10 10:26:22+00:00,46.283884,10.841219,1920.108,-7.408000000000129,100.4,5.905882352941177,1176.561,16.283630000000006,4
2018-06-10 10:26:40+00:00,46.284301,10.842481,1916.236,-3.8719999999998436,107.49,5.971666666666667,1172.689,16.391120000000008,4
2018-06-10 10:26:49+00:00,46.284649,10.842778,1912.759,-3.477000000000089,44.92,4.9911111111111115,1169.212,16.436040000000006,4
2018-06-10 10:27:04+00:00,46.284559,10.843988,1906.31,-6.449000000000069,93.52,6.234666666666667,1162.763,16.529560000000004,4
2018-06-10 10:27:10+00:00,46.284663,10.844523,1903.319,-2.9909999999999854,42.71,7.118333333333333,1159.772,16.572270000000003,4
2018-06-10 10:27:24+00:00,46.285088,10.844976,1896.657,-6.662000000000035,58.69,4.192142857142857,1153.11,16.63096,4
2018-06-10 10:28:01+00:00,46.286954,10.844827,1874.368,-22.288999999999987,207.81,5.616486486486487,1130.821,16.838770000000004,4
2018-06-10 10:28:10+00:00,46.287613,10.844929,1868.063,-6.304999999999836,73.7,8.18888888888889,1124.516,16.912470000000006,4
2018-06-10 10:28:23+00:00,46.288177,10.845425,1856.598,-11.465000000000146,73.39,5.645384615384615,1113.051,16.985860000000006,4
2018-06-10 10:29:21+00:00,46.288573,10.84661,1843.283,-13.315000000000055,101.14,1.7437931034482759,1099.7359999999999,17.087000000000003,4
2018-06-10 10:29:27+00:00,46.288558,10.846886,1841.325,-1.9579999999998563,21.27,3.545,1097.778,17.108270000000005,4
2018-06-10 10:29:43+00:00,46.288345,10.84703,1839.417,-1.9080000000001291,26.14,1.63375,1095.87,17.134410000000003,4
2018-06-10 10:29:55+00:00,46.28809,10.846963,1836.108,-3.308999999999969,28.82,2.401666666666667,1092.561,17.163230000000002,4
2018-06-10 10:30:04+00:00,46.287739,10.84715,1831.47,-4.63799999999992,41.59,4.621111111111111,1087.923,17.204820000000005,4
2018-06-10 10:30:08+00:00,46.287622,10.846936,1829.133,-2.336999999999989,20.97,5.2425,1085.586,17.225790000000003,4
2018-06-10 10:30:17+00:00,46.287493,10.847103,1824.934,-4.199000000000069,19.25,2.138888888888889,1081.387,17.245040000000003,4
2018-06-10 10:31:06+00:00,46.286919,10.847108,1814.733,-10.201000000000022,63.83,1.3026530612244898,1071.186,17.308870000000006,4
2018-06-10 10:31:37+00:00,46.28666,10.849051,1797.931,-16.801999999999907,152.05,4.90483870967742,1054.384,17.460920000000005,4
2018-06-10 10:32:19+00:00,46.285512,10.850632,1770.492,-27.439000000000078,176.22,4.195714285714286,1026.945,17.637140000000006,4
2018-06-10 10:32:29+00:00,46.285375,10.851128,1763.837,-6.654999999999973,41.05,4.1049999999999995,1020.29,17.678190000000004,4
2018-06-10 10:32:40+00:00,46.285557,10.850984,1758.922,-4.914999999999964,23.07,2.097272727272727,1015.375,17.701260000000005,4
2018-06-10 10:32:47+00:00,46.285637,10.851127,1756.594,-2.3279999999999745,14.14,2.02,1013.047,17.715400000000006,4
2018-06-10 10:33:06+00:00,46.285088,10.851777,1746.957,-9.636999999999944,78.88,4.151578947368421,1003.4100000000001,17.794280000000008,4
2018-06-10 10:33:26+00:00,46.284763,10.85176,1741.222,-5.735000000000127,36.16,1.8079999999999998,997.675,17.830440000000007,4
2018-06-10 10:33:34+00:00,46.285006,10.851848,1738.608,-2.6140000000000327,27.85,3.48125,995.0609999999999,17.858290000000004,4
2018-06-10 10:33:40+00:00,46.285005,10.852042,1736.881,-1.7269999999998618,14.91,2.485,993.3340000000001,17.873200000000004,4
2018-06-10 10:33:48+00:00,46.284717,10.852085,1735.414,-1.4670000000000982,32.19,4.02375,991.867,17.905390000000004,4
2018-06-10 10:34:02+00:00,46.284215,10.851793,1727.695,-7.719000000000051,60.16,4.297142857142857,984.1479999999999,17.965550000000004,4
2018-06-10 10:37:22+00:00,46.283266,10.850953,1715.274,-12.42100000000005,123.7,0.6185,971.7269999999999,18.089250000000003,4
2018-06-10 10:37:28+00:00,46.283164,10.851077,1713.172,-2.1019999999998618,14.81,2.4683333333333333,969.625,18.104060000000004,4
2018-06-10 10:37:49+00:00,46.283756,10.852057,1701.113,-12.058999999999969,100.02,4.7628571428571425,957.566,18.204080000000005,4
2018-06-10 10:38:35+00:00,46.282051,10.850837,1671.058,-30.055000000000064,211.5,4.5978260869565215,927.511,18.415580000000006,4
2018-06-10 10:38:51+00:00,46.281145,10.850709,1657.123,-13.934999999999945,101.22,6.32625,913.576,18.516800000000007,4
2018-06-10 10:38:56+00:00,46.280806,10.85083,1652.968,-4.154999999999973,38.83,7.766,909.421,18.555630000000008,4
2018-06-10 10:39:06+00:00,46.280374,10.850329,1649.642,-3.326000000000022,61.56,6.156000000000001,906.095,18.617190000000008,4
2018-06-10 10:39:08+00:00,46.280421,10.850047,1649.826,0.18399999999996908,22.29,11.145,906.279,18.63948000000001,4
2018-06-10 10:39:35+00:00,46.279845,10.848326,1647.408,-2.41800000000012,146.95,5.442592592592592,903.8609999999999,18.78643000000001,4
2018-06-10 10:39:57+00:00,46.279517,10.849149,1646.958,-0.4499999999998181,73.01,3.318636363636364,903.4110000000001,18.85944000000001,4
2018-06-10 10:40:12+00:00,46.27913,10.849619,1647.071,0.11299999999982901,56.18,3.7453333333333334,903.5239999999999,18.91562000000001,4
2018-06-10 10:40:28+00:00,46.278327,10.849908,1641.182,-5.888999999999896,92.01,5.750625,897.635,19.00763000000001,4
2018-06-10 10:40:42+00:00,46.277627,10.850483,1633.061,-8.121000000000095,89.51,6.393571428571429,889.5139999999999,19.097140000000007,4
2018-06-10 10:40:46+00:00,46.277263,10.85057,1629.179,-3.8819999999998345,41.02,10.255,885.6320000000001,19.138160000000006,4
2018-06-10 10:40:53+00:00,46.276711,10.850962,1624.85,-4.329000000000178,68.37,9.767142857142858,881.3029999999999,19.206530000000008,4
2018-06-10 10:41:00+00:00,46.276301,10.850987,1626.285,1.4350000000001728,45.63,6.518571428571429,882.738,19.252160000000007,4
2018-06-10 10:41:18+00:00,46.275876,10.85074,1631.39,5.105000000000018,50.93,2.8294444444444444,887.8430000000001,19.303090000000008,4
2018-06-10 10:42:36+00:00,46.275147,10.850584,1637.279,5.888999999999896,81.94,1.0505128205128205,893.732,19.385030000000008,4
2018-06-10 10:43:08+00:00,46.274132,10.851096,1626.005,-11.273999999999887,119.53,3.7353125,882.4580000000001,19.504560000000005,4
2018-06-10 10:43:21+00:00,46.273468,10.851114,1623.825,-2.1800000000000637,73.85,5.68076923076923,880.278,19.578410000000005,4
2018-06-10 10:43:52+00:00,46.272431,10.851536,1621.608,-2.2170000000000982,119.78,3.8638709677419354,878.0609999999999,19.698190000000004,4
2018-06-10 10:45:07+00:00,46.271293,10.851801,1628.289,6.68100000000004,128.17,1.7089333333333332,884.742,19.82636,4
2018-06-10 10:45:55+00:00,46.27015,10.851763,1629.752,1.4629999999999654,127.13,2.6485416666666666,886.2049999999999,19.953490000000002,4
2018-06-10 10:46:30+00:00,46.269461,10.851266,1632.173,2.421000000000049,85.61,2.446,888.626,20.0391,4
2018-06-10 10:46:50+00:00,46.269091,10.851318,1631.012,-1.1610000000000582,41.34,2.067,887.4649999999999,20.080440000000003,4
2018-06-10 10:47:17+00:00,46.268906,10.851092,1631.87,0.8579999999999472,26.92,0.997037037037037,888.3229999999999,20.10736,4
2018-06-10 10:47:49+00:00,46.268657,10.851299,1630.551,-1.31899999999996,31.93,0.9978125,887.0039999999999,20.139290000000003,4
2018-06-10 10:50:32+00:00,46.26644,10.849724,1641.246,10.695000000000164,274.64,1.6849079754601226,897.6990000000001,20.41393,4
2018-06-10 10:52:04+00:00,46.264089,10.849343,1643.111,1.865000000000009,263.06,2.8593478260869567,899.5640000000001,20.67699,4
2018-06-10 10:54:58+00:00,46.263359,10.848677,1644.485,1.3739999999997963,95.97,0.5515517241379311,900.9379999999999,20.77296,4
2018-06-10 10:56:32+00:00,46.26297,10.848112,1642.089,-2.395999999999958,61.3,0.652127659574468,898.5419999999999,20.83426,4
2018-06-10 10:57:09+00:00,46.261503,10.847732,1630.517,-11.571999999999889,165.72,4.478918918918919,886.97,20.999980000000004,4
2018-06-10 10:57:16+00:00,46.261295,10.847299,1626.608,-3.9090000000001055,40.53,5.79,883.0609999999999,21.04051,4
2018-06-10 10:57:24+00:00,46.261009,10.847455,1625.21,-1.3979999999999109,33.99,4.24875,881.663,21.074500000000004,4
2018-06-10 10:57:41+00:00,46.260445,10.847401,1623.463,-1.747000000000071,62.85,3.697058823529412,879.9159999999999,21.13735,4
2018-06-10 10:57:56+00:00,46.260122,10.848037,1617.464,-5.999000000000024,60.67,4.044666666666667,873.9169999999999,21.19802,4
2018-06-10 10:58:04+00:00,46.259681,10.848335,1614.083,-3.380999999999858,54.12,6.765,870.5360000000001,21.25214,4
2018-06-10 10:58:14+00:00,46.259171,10.848313,1612.141,-1.9420000000000073,56.73,5.673,868.594,21.30887,4
2018-06-10 10:58:26+00:00,46.258581,10.848603,1608.552,-3.589000000000169,69.29,5.774166666666667,865.0049999999999,21.37816,4
2018-06-10 10:58:50+00:00,46.257581,10.848745,1605.247,-3.3049999999998363,111.73,4.6554166666666665,861.7,21.48989,4
2018-06-10 10:59:00+00:00,46.257225,10.848984,1604.472,-0.775000000000091,43.64,4.364,860.925,21.53353,4
2018-06-10 10:59:11+00:00,46.257057,10.849559,1605.232,0.7599999999999909,47.99,4.362727272727273,861.685,21.58152,4
2018-06-10 10:59:17+00:00,46.256857,10.849598,1607.092,1.8600000000001273,22.44,3.74,863.5450000000001,21.60396,4
2018-06-10 11:00:03+00:00,46.255804,10.849072,1611.611,4.5190000000000055,123.88,2.6930434782608694,868.0640000000001,21.72784,4
2018-06-10 11:00:21+00:00,46.255275,10.848985,1611.008,-0.6030000000000655,59.2,3.288888888888889,867.461,21.78704,4
2018-06-10 11:01:07+00:00,46.253983,10.848006,1610.985,-0.023000000000138243,162.19,3.5258695652173913,867.4379999999999,21.94923,4
2018-06-10 11:02:05+00:00,46.252056,10.847306,1610.548,-0.43699999999989814,220.93,3.809137931034483,867.001,22.17016,4
2018-06-10 11:02:33+00:00,46.250987,10.846598,1605.769,-4.778999999999996,130.74,4.6692857142857145,862.222,22.300900000000002,4
2018-06-10 11:03:27+00:00,46.249497,10.846246,1613.858,8.088999999999942,167.88,3.1088888888888886,870.3109999999999,22.468780000000002,4
2018-06-10 11:04:47+00:00,46.247708,10.845153,1624.666,10.807999999999993,215.95,2.699375,881.1189999999999,22.684730000000002,4
2018-06-10 11:04:57+00:00,46.247618,10.844969,1625.737,1.07100000000014,17.33,1.7329999999999999,882.19,22.702060000000007,4
2018-06-10 11:05:45+00:00,46.246649,10.845209,1631.272,5.5349999999998545,109.32,2.2775,887.7249999999999,22.811380000000003,4
2018-06-10 11:06:02+00:00,46.246256,10.845165,1634.177,2.9049999999999727,43.83,2.578235294117647,890.6299999999999,22.855210000000007,4
2018-06-10 11:06:36+00:00,46.245649,10.844395,1638.915,4.738000000000056,89.79,2.6408823529411767,895.3679999999999,22.945000000000007,4
2018-06-10 11:07:10+00:00,46.245252,10.843351,1642.965,4.0499999999999545,91.62,2.6947058823529413,899.4179999999999,23.036620000000006,4
2018-06-10 11:08:01+00:00,46.244364,10.842176,1650.011,7.046000000000049,133.84,2.6243137254901963,906.4639999999999,23.170460000000006,4
2018-06-10 11:08:53+00:00,46.243618,10.840695,1657.608,7.59699999999998,140.9,2.7096153846153848,914.0609999999999,23.311360000000008,4
2018-06-10 11:11:09+00:00,46.242208,10.839295,1658.053,0.4450000000001637,190.19,1.3984558823529412,914.5060000000001,23.501550000000005,4
2018-06-10 11:11:33+00:00,46.241634,10.83788,1653.496,-4.557000000000016,126.16,5.256666666666667,909.9490000000001,23.627710000000008,4
2018-06-10 11:11:47+00:00,46.241122,10.837356,1650.497,-2.9990000000000236,69.75,4.982142857142857,906.95,23.697460000000007,4
2018-06-10 11:12:07+00:00,46.240503,10.836126,1645.676,-4.82100000000014,116.99,5.8495,902.1289999999999,23.814450000000008,4
2018-06-10 11:12:19+00:00,46.239753,10.835943,1641.994,-3.6820000000000164,84.58,7.048333333333333,898.4469999999999,23.89903000000001,4
2018-06-10 11:12:31+00:00,46.239107,10.8361,1639.035,-2.9589999999998327,72.84,6.07,895.488,23.97187000000001,4
2018-06-10 11:12:52+00:00,46.237645,10.835337,1628.22,-10.815000000000055,172.83,8.23,884.673,24.14470000000001,4
2018-06-10 11:13:04+00:00,46.236769,10.835582,1622.675,-5.545000000000073,99.21,8.2675,879.1279999999999,24.24391000000001,4
2018-06-10 11:13:19+00:00,46.23598,10.835008,1616.622,-6.052999999999884,98.21,6.547333333333333,873.075,24.34212000000001,4
2018-06-10 11:14:02+00:00,46.234574,10.832296,1600.062,-16.560000000000173,260.68,6.062325581395349,856.5149999999999,24.60280000000001,4
2018-06-10 11:14:09+00:00,46.234735,10.831623,1594.608,-5.453999999999951,54.77,7.824285714285715,851.0609999999999,24.65757000000001,4
2018-06-10 11:14:16+00:00,46.234724,10.830628,1588.908,-5.7000000000000455,76.54,10.934285714285716,845.3609999999999,24.734110000000012,4
2018-06-10 11:14:28+00:00,46.235224,10.828693,1575.784,-13.123999999999796,158.87,13.239166666666668,832.2370000000001,24.892980000000012,4
2018-06-10 11:14:37+00:00,46.235179,10.827183,1565.697,-10.087000000000216,116.25,12.916666666666666,822.1499999999999,25.00923000000001,4
2018-06-10 11:14:47+00:00,46.235694,10.826347,1561.718,-3.9789999999998145,86.1,8.61,818.171,25.095330000000008,4
2018-06-10 11:15:09+00:00,46.236162,10.825944,1567.227,5.5090000000000146,60.57,2.7531818181818184,823.6800000000001,25.15590000000001,4
2018-06-10 11:16:34+00:00,46.237201,10.82384,1579.935,12.707999999999856,198.83,2.3391764705882356,836.3879999999999,25.35473000000001,4
2018-06-10 11:17:49+00:00,46.23719,10.821912,1590.316,10.381000000000085,148.29,1.9771999999999998,846.769,25.50302000000001,4
2018-06-10 11:18:32+00:00,46.237579,10.821006,1597.331,7.014999999999873,82.01,1.9072093023255816,853.7839999999999,25.58503000000001,4
2018-06-10 11:21:57+00:00,46.237556,10.818651,1606.826,9.495000000000118,181.14,0.8836097560975609,863.279,25.76617000000001,4
2018-06-10 11:22:12+00:00,46.237386,10.817544,1605.666,-1.1600000000000819,87.21,5.813999999999999,862.1189999999999,25.85338000000001,4
2018-06-10 11:22:54+00:00,46.23696,10.816123,1607.429,1.7630000000001473,119.11,2.835952380952381,863.8820000000001,25.972490000000008,4
2018-06-10 11:23:02+00:00,46.23678,10.815979,1608.121,0.6920000000000073,22.87,2.85875,864.5740000000001,25.99536000000001,4
2018-06-10 11:23:24+00:00,46.236141,10.816019,1608.508,0.3869999999999436,71.12,3.232727272727273,864.961,26.066480000000006,4
2018-06-10 11:24:00+00:00,46.235778,10.815047,1613.418,4.9099999999998545,84.96,2.36,869.8709999999999,26.151440000000004,4
2018-06-10 11:24:16+00:00,46.235543,10.815212,1615.781,2.3630000000000564,29.05,1.815625,872.2339999999999,26.180490000000006,4
2018-06-10 11:24:55+00:00,46.235117,10.815975,1621.112,5.331000000000131,75.42,1.933846153846154,877.565,26.255910000000004,4
2018-06-10 11:25:29+00:00,46.234917,10.816757,1625.931,4.81899999999996,64.13,1.8861764705882351,882.384,26.320040000000006,4
2018-06-10 11:25:38+00:00,46.234776,10.81673,1626.919,0.9880000000000564,15.82,1.7577777777777779,883.3720000000001,26.335860000000004,4
2018-06-10 11:26:17+00:00,46.23487,10.815703,1632.77,5.850999999999885,79.68,2.0430769230769235,889.223,26.415540000000004,4
2018-06-10 11:27:15+00:00,46.23538,10.814467,1642.425,9.654999999999973,110.7,1.9086206896551725,898.8779999999999,26.526240000000005,4
2018-06-10 11:28:20+00:00,46.235596,10.812907,1651.12,8.694999999999936,122.36,1.8824615384615384,907.5729999999999,26.648600000000005,4
2018-06-10 11:29:18+00:00,46.235046,10.814199,1657.449,6.329000000000178,116.68,2.0117241379310347,913.902,26.765280000000008,4
2018-06-10 11:30:26+00:00,46.234037,10.815179,1668.102,10.65300000000002,135.16,1.9876470588235293,924.5550000000001,26.900440000000007,4
2018-06-10 11:31:06+00:00,46.233374,10.815518,1673.122,5.019999999999982,78.2,1.955,929.575,26.978640000000006,4
2018-06-10 11:31:20+00:00,46.233237,10.815771,1675.008,1.8859999999999673,24.71,1.7650000000000001,931.461,27.003350000000005,4
2018-06-10 11:31:22+00:00,46.232962,10.815686,1675.226,0.21800000000007458,31.27,15.635,931.6790000000001,27.034620000000007,4
2018-06-10 11:31:53+00:00,46.23253,10.816017,1680.659,5.432999999999993,54.37,1.7538709677419353,937.1120000000001,27.088990000000006,4
2018-06-10 11:32:17+00:00,46.232086,10.816133,1684.51,3.8509999999998854,50.17,2.0904166666666666,940.963,27.139160000000004,4
2018-06-10 11:33:46+00:00,46.230687,10.815963,1695.179,10.669000000000096,156.11,1.7540449438202248,951.6320000000001,27.295270000000006,4
2018-06-10 11:38:01+00:00,46.230427,10.817469,1691.157,-4.022000000000162,119.39,0.46819607843137256,947.6099999999999,27.414660000000005,4
2018-06-10 11:38:09+00:00,46.230298,10.817659,1689.118,-2.0389999999999873,20.48,2.56,945.5709999999999,27.435140000000004,4
2018-06-10 11:38:13+00:00,46.230169,10.817598,1687.563,-1.5549999999998363,15.09,3.7725,944.0160000000001,27.450230000000005,4
2018-06-10 11:39:19+00:00,46.230228,10.817475,1686.638,-0.9250000000001819,11.51,0.17439393939393938,943.0909999999999,27.461740000000002,4
2018-06-10 11:40:20+00:00,46.230087,10.817543,1686.897,0.25900000000001455,16.53,0.2709836065573771,943.3499999999999,27.478270000000002,4
2018-06-10 12:04:44+00:00,46.230056,10.817776,1686.123,-0.7739999999998872,18.25,0.012465846994535519,942.576,27.49652,4
2018-06-10 12:31:01+00:00,46.230146,10.817454,1688.525,2.4020000000000437,26.71,0.01693722257450856,944.9780000000001,27.523229999999998,4
2018-06-10 12:33:11+00:00,46.230184,10.817676,1688.408,-0.11700000000018917,17.59,0.1353076923076923,944.8609999999999,27.54082,4
2018-06-10 12:33:22+00:00,46.230355,10.817685,1688.911,0.5030000000001564,19.03,1.7300000000000002,945.364,27.559849999999997,4
2018-06-10 12:34:40+00:00,46.230864,10.815961,1695.674,6.76299999999992,144.18,1.8484615384615386,952.127,27.70403,4
2018-06-10 12:35:01+00:00,46.23219,10.815997,1686.345,-9.32899999999995,147.47,7.022380952380952,942.798,27.8515,4
2018-06-10 12:35:24+00:00,46.233908,10.815085,1670.524,-15.82100000000014,203.51,8.848260869565218,926.9769999999999,28.05501,4
2018-06-10 12:35:42+00:00,46.235117,10.813985,1658.712,-11.811999999999898,158.84,8.824444444444445,915.165,28.213849999999997,4
2018-06-10 12:35:56+00:00,46.235617,10.813018,1650.763,-7.949000000000069,92.86,6.632857142857143,907.2159999999999,28.30671,4
2018-06-10 12:36:11+00:00,46.235438,10.814319,1644.848,-5.914999999999964,102.02,6.801333333333333,901.3009999999999,28.40873,4
2018-06-10 12:36:35+00:00,46.234812,10.816671,1627.593,-17.25499999999988,193.83,8.07625,884.046,28.60256,4
2018-06-10 12:36:38+00:00,46.234916,10.816817,1626.815,-0.77800000000002,16.12,5.373333333333334,883.268,28.61868,4
2018-06-10 12:36:43+00:00,46.23511,10.816629,1625.665,-1.150000000000091,25.97,5.194,882.1179999999999,28.644650000000002,4
2018-06-10 12:36:50+00:00,46.23529,10.815823,1622.011,-3.6539999999999964,65.14,9.305714285714286,878.4639999999999,28.70979,4
2018-06-10 12:37:03+00:00,46.235898,10.81498,1614.108,-7.90300000000002,93.67,7.205384615384616,870.5609999999999,28.803459999999998,4
2018-06-10 12:37:12+00:00,46.236227,10.815986,1608.473,-5.634999999999991,85.59,9.51,864.9259999999999,28.88905,4
2018-06-10 12:37:20+00:00,46.236749,10.815889,1607.526,-0.946999999999889,58.52,7.315,863.979,28.94757,4
2018-06-10 12:37:23+00:00,46.23691,10.815992,1607.787,0.26099999999996726,19.58,6.526666666666666,864.24,28.96715,4
2018-06-10 12:37:42+00:00,46.237396,10.81741,1606.356,-1.43100000000004,121.71,6.4057894736842105,862.809,29.08886,4
2018-06-10 12:38:07+00:00,46.237562,10.818977,1606.464,0.10799999999994725,121.92,4.8768,862.9169999999999,29.21078,4
2018-06-10 12:38:24+00:00,46.237423,10.819886,1605.025,-1.4389999999998508,71.6,4.211764705882352,861.4780000000001,29.282379999999996,4
2018-06-10 12:38:39+00:00,46.237497,10.821029,1598.49,-6.535000000000082,88.29,5.886,854.943,29.370669999999997,4
2018-06-10 12:38:52+00:00,46.237191,10.821988,1591.095,-7.394999999999982,81.23,6.248461538461539,847.548,29.4519,4
2018-06-10 12:39:15+00:00,46.237285,10.823867,1580.874,-10.221000000000004,144.89,6.2995652173913035,837.327,29.59679,4
2018-06-10 12:39:23+00:00,46.237115,10.824514,1577.856,-3.018000000000029,53.23,6.65375,834.309,29.650019999999998,4
2018-06-10 12:39:48+00:00,46.236032,10.826106,1566.921,-10.934999999999945,171.74,6.8696,823.374,29.821759999999998,4
2018-06-10 12:39:55+00:00,46.23569,10.826398,1564.208,-2.7129999999999654,44.17,6.3100000000000005,820.6610000000001,29.865929999999995,4
2018-06-10 12:40:07+00:00,46.235397,10.827053,1560.819,-3.3890000000001237,60.0,5.0,817.2719999999999,29.925929999999997,4
2018-06-10 12:40:31+00:00,46.235239,10.82767,1565.182,4.363000000000056,50.6,2.1083333333333334,821.635,29.976529999999997,4
2018-06-10 12:41:27+00:00,46.235243,10.828847,1574.513,9.330999999999904,90.53,1.616607142857143,830.9659999999999,30.067059999999994,4
2018-06-10 12:42:49+00:00,46.234797,10.830577,1585.362,10.84900000000016,142.0,1.7317073170731707,841.815,30.209059999999994,4
2018-06-10 12:43:29+00:00,46.234863,10.831455,1590.96,5.597999999999956,67.93,1.6982500000000003,847.413,30.276989999999994,4
2018-06-10 12:44:09+00:00,46.234652,10.832311,1596.171,5.211000000000013,69.89,1.74725,852.624,30.346879999999995,4
2018-06-10 12:46:54+00:00,46.235964,10.835022,1614.416,18.24499999999989,254.48,1.5423030303030303,870.8689999999999,30.601359999999993,4
2018-06-10 12:47:35+00:00,46.236513,10.835488,1619.151,4.735000000000127,70.79,1.7265853658536587,875.604,30.672149999999995,4
2018-06-10 12:48:56+00:00,46.237908,10.835284,1628.288,9.136999999999944,155.91,1.9248148148148148,884.741,30.828059999999994,4
2018-06-10 12:50:06+00:00,46.239129,10.835778,1636.824,8.536000000000058,140.98,2.014,893.277,30.969039999999993,4
2018-06-10 12:51:00+00:00,46.240234,10.835696,1642.226,5.402000000000044,123.03,2.2783333333333333,898.6790000000001,31.092069999999993,4
2018-06-10 12:51:21+00:00,46.240726,10.835953,1644.408,2.181999999999789,58.17,2.77,900.8609999999999,31.15023999999999,4
2018-06-10 12:52:03+00:00,46.241332,10.83729,1649.05,4.642000000000053,122.94,2.927142857142857,905.5029999999999,31.27317999999999,4
2018-06-10 12:52:26+00:00,46.241724,10.837726,1650.943,1.893000000000029,54.99,2.3908695652173915,907.396,31.32816999999999,4
2018-06-10 12:53:18+00:00,46.242335,10.839474,1657.264,6.320999999999913,150.62,2.8965384615384617,913.7169999999999,31.47878999999999,4
2018-06-10 12:53:52+00:00,46.242829,10.839921,1658.143,0.8790000000001328,64.8,1.9058823529411764,914.596,31.543589999999988,4
2018-06-10 12:55:52+00:00,46.24273,10.840088,1658.291,0.14799999999991087,16.92,0.14100000000000001,914.7439999999999,31.560509999999987,4
2018-06-10 12:56:36+00:00,46.24324,10.840334,1659.062,0.7709999999999582,59.78,1.3586363636363636,915.5149999999999,31.620289999999986,4
2018-06-10 12:57:14+00:00,46.245215,10.843177,1646.697,-12.365000000000009,309.88,8.154736842105264,903.1499999999999,31.930169999999986,4
2018-06-10 12:57:33+00:00,46.246222,10.845044,1636.932,-9.764999999999873,182.07,9.582631578947368,893.385,32.112239999999986,4
2018-06-10 12:57:36+00:00,46.246451,10.845158,1635.562,-1.3700000000001182,26.93,8.976666666666667,892.0149999999999,32.139169999999986,4
2018-06-10 12:57:47+00:00,46.247574,10.844995,1629.183,-6.378999999999905,125.5,11.409090909090908,885.636,32.26466999999999,4
2018-06-10 12:58:04+00:00,46.249288,10.846003,1619.211,-9.97199999999998,205.75,12.102941176470589,875.664,32.47041999999999,4
2018-06-10 12:58:21+00:00,46.251151,10.846639,1607.708,-11.502999999999929,212.85,12.520588235294117,864.1610000000001,32.683269999999986,4
2018-06-10 12:58:24+00:00,46.251352,10.846974,1605.658,-2.050000000000182,34.1,11.366666666666667,862.1109999999999,32.71736999999998,4
2018-06-10 12:58:35+00:00,46.251634,10.848609,1600.221,-5.436999999999898,129.57,11.77909090909091,856.674,32.84693999999999,4
2018-06-10 12:59:31+00:00,46.257547,10.853668,1555.262,-44.95900000000006,763.94,13.641785714285716,811.7149999999999,33.61087999999999,4
2018-06-10 12:59:37+00:00,46.258318,10.853782,1550.841,-4.421000000000049,86.18,14.363333333333335,807.2939999999999,33.69705999999999,4
2018-06-10 12:59:47+00:00,46.259386,10.85346,1541.429,-9.411999999999807,121.31,12.131,797.8820000000001,33.81836999999999,4
2018-06-10 12:59:49+00:00,46.259681,10.853497,1540.25,-1.1790000000000873,32.93,16.465,796.703,33.85129999999999,4
2018-06-10 13:00:03+00:00,46.26032,10.855129,1535.515,-4.7349999999999,144.19,10.299285714285714,791.9680000000001,33.99548999999999,4
2018-06-10 13:00:12+00:00,46.260567,10.856235,1530.78,-4.735000000000127,89.35,9.927777777777777,787.233,34.08483999999999,4
2018-06-10 13:00:32+00:00,46.262232,10.857774,1520.781,-9.999000000000024,219.72,10.986,777.2339999999999,34.30455999999999,4
2018-06-10 13:00:41+00:00,46.262827,10.858706,1517.261,-3.519999999999982,97.52,10.835555555555555,773.7139999999999,34.402079999999984,4
2018-06-10 13:00:55+00:00,46.26414,10.859543,1511.417,-5.844000000000051,159.55,11.396428571428572,767.8699999999999,34.56162999999999,4
2018-06-10 13:01:12+00:00,46.26547,10.860921,1504.608,-6.808999999999969,181.91,10.700588235294118,761.0609999999999,34.743539999999996,4
2018-06-10 13:01:19+00:00,46.266087,10.861195,1502.13,-2.477999999999838,71.77,10.252857142857142,758.5830000000001,34.81530999999999,4
2018-06-10 13:01:44+00:00,46.268266,10.861649,1492.553,-9.576999999999998,244.79,9.791599999999999,749.0060000000001,35.06009999999999,4
2018-06-10 13:01:59+00:00,46.269648,10.862203,1486.134,-6.419000000000096,159.46,10.630666666666666,742.587,35.21955999999999,4
2018-06-10 13:02:15+00:00,46.271104,10.86213,1479.983,-6.151000000000067,162.0,10.125,736.4359999999999,35.38155999999999,4
2018-06-10 13:02:33+00:00,46.272748,10.86118,1471.621,-8.361999999999853,196.85,10.93611111111111,728.0740000000001,35.57840999999999,4
2018-06-10 13:02:44+00:00,46.27368,10.860396,1467.062,-4.5590000000001965,119.88,10.898181818181818,723.5149999999999,35.698289999999986,4
2018-06-10 13:02:53+00:00,46.274262,10.859646,1463.427,-3.634999999999991,86.67,9.63,719.8799999999999,35.784959999999984,4
2018-06-10 13:03:07+00:00,46.27545,10.859673,1459.792,-3.634999999999991,132.12,9.437142857142858,716.2449999999999,35.917079999999984,4
2018-06-10 13:03:31+00:00,46.277306,10.85946,1454.324,-5.467999999999847,207.03,8.62625,710.777,36.12410999999999,4
2018-06-10 13:03:37+00:00,46.277706,10.859199,1453.104,-1.2200000000000273,48.79,8.131666666666666,709.557,36.172899999999984,4
2018-06-10 13:03:47+00:00,46.278269,10.858277,1449.214,-3.8900000000001,94.55,9.455,705.6669999999999,36.26744999999999,4
2018-06-10 13:03:50+00:00,46.278475,10.858256,1447.908,-1.30600000000004,22.96,7.653333333333333,704.3609999999999,36.29040999999999,4
2018-06-10 13:03:55+00:00,46.278713,10.858791,1446.924,-0.9839999999999236,48.9,9.78,703.377,36.33930999999999,4
2018-06-10 13:04:09+00:00,46.278843,10.860123,1445.667,-1.2570000000000618,103.38,7.384285714285714,702.1199999999999,36.442689999999985,4
2018-06-10 13:04:14+00:00,46.279038,10.860414,1444.528,-1.1389999999998963,31.15,6.2299999999999995,700.981,36.47383999999999,4
2018-06-10 13:04:37+00:00,46.280887,10.861475,1432.827,-11.701000000000022,221.18,9.616521739130436,689.28,36.69501999999999,4
2018-06-10 13:04:48+00:00,46.28171,10.862253,1426.335,-6.491999999999962,109.31,9.937272727272727,682.788,36.804329999999986,4
2018-06-10 13:05:01+00:00,46.282923,10.862943,1418.976,-7.358999999999924,144.93,11.14846153846154,675.4290000000001,36.94925999999999,4
2018-06-10 13:05:16+00:00,46.284218,10.863379,1409.811,-9.165000000000191,147.84,9.856,666.2639999999999,37.09709999999998,4
2018-06-10 13:05:30+00:00,46.285202,10.862708,1403.686,-6.125,120.96,8.639999999999999,660.1389999999999,37.21805999999998,4
2018-06-10 13:05:32+00:00,46.28545,10.862914,1403.066,-0.6199999999998909,31.8,15.9,659.519,37.249859999999984,4
2018-06-10 13:05:46+00:00,46.285559,10.864359,1401.629,-1.4370000000001255,111.7,7.978571428571429,658.0819999999999,37.36155999999998,4
2018-06-10 13:06:00+00:00,46.286562,10.864903,1396.621,-5.007999999999811,119.11,8.507857142857143,653.0740000000001,37.48066999999998,4
2018-06-10 13:06:10+00:00,46.287166,10.865846,1392.008,-4.613000000000056,98.8,9.879999999999999,648.461,37.579469999999986,4
2018-06-10 13:06:15+00:00,46.287591,10.866111,1389.758,-2.25,51.46,10.292,646.211,37.630929999999985,4
2018-06-10 13:06:21+00:00,46.288175,10.865987,1387.041,-2.7170000000000982,65.63,10.938333333333333,643.4939999999999,37.696559999999984,4
2018-06-10 13:06:36+00:00,46.289534,10.866065,1381.092,-5.948999999999842,151.23,10.081999999999999,637.5450000000001,37.84778999999999,4
2018-06-10 13:06:58+00:00,46.29155,10.8664,1371.941,-9.151000000000067,225.64,10.256363636363636,628.394,38.07342999999999,4
2018-06-10 13:07:15+00:00,46.293144,10.86685,1364.819,-7.122000000000071,180.59,10.622941176470588,621.2719999999999,38.25401999999998,4
2018-06-10 13:07:23+00:00,46.293978,10.866678,1360.91,-3.908999999999878,93.67,11.70875,617.363,38.34768999999998,4
2018-06-10 13:07:35+00:00,46.295267,10.867101,1354.215,-6.695000000000164,146.97,12.2475,610.6679999999999,38.49465999999998,4
2018-06-10 13:08:23+00:00,46.299595,10.867661,1330.62,-23.595000000000027,483.17,10.066041666666667,587.0729999999999,38.97782999999998,4
2018-06-10 13:08:36+00:00,46.300923,10.868044,1320.059,-10.560999999999922,150.57,11.582307692307692,576.512,39.12839999999998,4
2018-06-10 13:08:50+00:00,46.302399,10.867684,1309.503,-10.55600000000004,166.44,11.888571428571428,565.9559999999999,39.29483999999998,4
2018-06-10 13:09:02+00:00,46.303368,10.866965,1300.623,-8.879999999999882,121.08,10.09,557.076,39.415919999999986,4
2018-06-10 13:09:11+00:00,46.304439,10.867047,1294.408,-6.2150000000001455,119.26,13.251111111111111,550.8609999999999,39.53517999999998,4
2018-06-10 13:09:22+00:00,46.305536,10.866783,1285.327,-9.080999999999904,123.66,11.241818181818182,541.78,39.65883999999999,4
2018-06-10 13:09:27+00:00,46.305824,10.866265,1281.36,-3.9670000000000982,51.08,10.216,537.8129999999999,39.70991999999999,4
2018-06-10 13:09:40+00:00,46.305889,10.864387,1270.421,-10.93899999999985,144.44,11.11076923076923,526.874,39.85435999999999,4
2018-06-10 13:09:52+00:00,46.305524,10.863529,1262.49,-7.93100000000004,77.4,6.45,518.943,39.93176,4
2018-06-10 13:10:01+00:00,46.306092,10.864181,1258.438,-4.051999999999907,80.61,8.956666666666667,514.8910000000001,40.01237,4
2018-06-10 13:10:13+00:00,46.306733,10.865436,1250.769,-7.669000000000096,119.89,9.990833333333333,507.222,40.132259999999995,4
2018-06-10 13:10:24+00:00,46.307331,10.866858,1241.344,-9.424999999999955,127.88,11.625454545454545,497.797,40.26013999999999,4
2018-06-10 13:10:29+00:00,46.307251,10.86762,1237.869,-3.4750000000001364,59.2,11.84,494.3219999999999,40.31933999999999,4
2018-06-10 13:10:33+00:00,46.306984,10.868165,1234.218,-3.65099999999984,51.32,12.83,490.67100000000005,40.37065999999999,4
2018-06-10 13:10:50+00:00,46.305108,10.86925,1217.398,-16.820000000000164,224.64,13.214117647058822,473.8509999999999,40.59529999999999,4
2018-06-10 13:10:58+00:00,46.304467,10.869831,1210.117,-7.280999999999949,84.1,10.5125,466.56999999999994,40.67939999999999,4
2018-06-10 13:11:03+00:00,46.304314,10.870159,1206.208,-3.908999999999878,30.4,6.08,462.66100000000006,40.70979999999999,4
2018-06-10 13:11:13+00:00,46.305032,10.869699,1202.323,-3.884999999999991,87.31,8.731,458.77600000000007,40.79710999999999,4
2018-06-10 13:11:23+00:00,46.30597,10.869422,1194.616,-7.707000000000107,106.45,10.645,451.06899999999996,40.903559999999985,4
2018-06-10 13:11:29+00:00,46.306634,10.869422,1189.687,-4.929000000000087,73.83,12.305,446.1399999999999,40.977389999999986,4
2018-06-10 13:11:44+00:00,46.308191,10.869835,1175.266,-14.420999999999822,176.01,11.734,431.71900000000005,41.15339999999998,4
2018-06-10 13:11:53+00:00,46.30911,10.869772,1167.844,-7.4220000000000255,102.3,11.366666666666667,424.297,41.25569999999999,4
2018-06-10 13:12:00+00:00,46.309717,10.869508,1161.525,-6.31899999999996,70.48,10.06857142857143,417.97800000000007,41.326179999999994,4
2018-06-10 13:12:07+00:00,46.309932,10.868659,1155.86,-5.665000000000191,69.45,9.921428571428573,412.3129999999999,41.39562999999999,4
2018-06-10 13:12:14+00:00,46.309798,10.867562,1149.925,-5.934999999999945,85.57,12.224285714285713,406.37799999999993,41.48119999999999,4
2018-06-10 13:12:25+00:00,46.310214,10.866106,1139.068,-10.856999999999971,121.02,11.001818181818182,395.52099999999996,41.60221999999999,4
2018-06-10 13:12:34+00:00,46.310281,10.865147,1131.742,-7.326000000000022,74.04,8.226666666666667,388.19499999999994,41.676259999999985,4
2018-06-10 13:12:37+00:00,46.310371,10.864964,1129.926,-1.816000000000031,17.25,5.75,386.3789999999999,41.69350999999999,4
2018-06-10 13:12:39+00:00,46.310534,10.865134,1129.108,-0.8179999999999836,22.34,11.17,385.5609999999999,41.71584999999998,4
2018-06-10 13:12:57+00:00,46.310791,10.867576,1118.418,-10.690000000000055,189.73,10.540555555555555,374.87099999999987,41.905579999999986,4
2018-06-10 13:13:09+00:00,46.311431,10.869044,1108.541,-9.876999999999953,133.33,11.110833333333334,364.9939999999999,42.03890999999999,4
2018-06-10 13:13:13+00:00,46.311525,10.869557,1105.282,-3.2590000000000146,40.76,10.19,361.7349999999999,42.07966999999999,4
2018-06-10 13:13:25+00:00,46.311387,10.871186,1095.321,-9.961000000000013,126.06,10.505,351.7739999999999,42.20572999999999,4
2018-06-10 13:13:31+00:00,46.311082,10.871788,1090.659,-4.661999999999807,57.34,9.556666666666667,347.1120000000001,42.263069999999985,4
2018-06-10 13:13:45+00:00,46.309678,10.872365,1078.99,-11.669000000000096,162.29,11.592142857142857,335.443,42.42535999999998,4
2018-06-10 13:13:51+00:00,46.309236,10.872837,1073.995,-4.995000000000118,61.07,10.178333333333333,330.44799999999987,42.486429999999984,4
2018-06-10 13:14:01+00:00,46.308472,10.873319,1065.73,-8.264999999999873,92.67,9.267,322.183,42.57909999999998,4
2018-06-10 13:14:05+00:00,46.308373,10.873623,1063.915,-1.8150000000000546,25.82,6.455,320.36799999999994,42.604919999999986,4
2018-06-10 13:14:24+00:00,46.310082,10.873036,1053.065,-10.849999999999909,195.31,10.279473684210526,309.51800000000003,42.800229999999985,4
2018-06-10 13:14:39+00:00,46.311681,10.873152,1040.111,-12.95399999999995,178.02,11.868,296.5640000000001,42.97824999999998,4
2018-06-10 13:14:49+00:00,46.312622,10.873516,1030.708,-9.40300000000002,108.31,10.831,287.16100000000006,43.08655999999998,4
2018-06-10 13:14:54+00:00,46.313053,10.873493,1026.053,-4.654999999999973,47.96,9.592,282.5060000000001,43.13451999999997,4
2018-06-10 13:15:07+00:00,46.314074,10.872057,1014.196,-11.857000000000085,158.28,12.175384615384615,270.649,43.29279999999997,4
2018-06-10 13:15:19+00:00,46.314549,10.870407,1001.877,-12.319000000000074,137.29,11.440833333333332,258.3299999999999,43.43008999999997,4
2018-06-10 13:15:24+00:00,46.314836,10.869893,997.386,-4.4909999999999854,50.76,10.152,253.83899999999994,43.480849999999975,4
2018-06-10 13:15:26+00:00,46.315036,10.869748,995.764,-1.6219999999999573,24.87,12.435,252.21699999999998,43.50571999999998,4
2018-06-10 13:15:37+00:00,46.316285,10.8696,985.675,-10.089000000000055,139.35,12.668181818181818,242.12799999999993,43.645069999999976,4
2018-06-10 13:15:48+00:00,46.317233,10.868626,974.85,-10.824999999999932,129.26,11.75090909090909,231.303,43.77432999999998,4
2018-06-10 13:15:56+00:00,46.317505,10.867773,967.175,-7.675000000000068,72.15,9.01875,223.62799999999993,43.84647999999998,4
2018-06-10 13:15:59+00:00,46.317678,10.867726,965.411,-1.76400000000001,19.57,6.523333333333333,221.86399999999992,43.86604999999998,4
2018-06-10 13:16:01+00:00,46.317817,10.867869,964.121,-1.2899999999999636,18.96,9.48,220.57399999999996,43.88500999999998,4
2018-06-10 13:16:26+00:00,46.317413,10.871191,948.103,-16.01800000000003,259.05,10.362,204.55599999999993,44.14405999999998,4
2018-06-10 13:16:35+00:00,46.317018,10.872283,940.708,-7.394999999999982,94.67,10.518888888888888,197.16099999999994,44.23872999999998,4
2018-06-10 13:16:50+00:00,46.31716,10.874041,929.683,-11.024999999999977,135.93,9.062000000000001,186.13599999999997,44.374659999999984,4
2018-06-10 13:16:54+00:00,46.317368,10.873987,927.826,-1.856999999999971,23.5,5.875,184.279,44.39815999999998,4
2018-06-10 13:17:00+00:00,46.31736,10.873323,925.257,-2.5690000000000737,51.0,8.5,181.70999999999992,44.449159999999985,4
2018-06-10 13:17:04+00:00,46.317526,10.872973,922.396,-2.86099999999999,32.61,8.1525,178.84899999999993,44.48176999999998,4
2018-06-10 13:17:11+00:00,46.318128,10.872645,917.544,-4.851999999999975,71.52,10.217142857142857,173.99699999999996,44.553289999999976,4
2018-06-10 13:17:17+00:00,46.31858,10.872172,912.665,-4.879000000000019,62.01,10.334999999999999,169.11799999999994,44.61529999999998,4
2018-06-10 13:17:29+00:00,46.319578,10.871791,902.56,-10.105000000000018,114.77,9.564166666666667,159.01299999999992,44.73006999999998,4
2018-06-10 13:17:39+00:00,46.320307,10.872231,894.075,-8.4849999999999,87.82,8.782,150.52800000000002,44.81788999999998,4
2018-06-10 13:17:51+00:00,46.321399,10.872287,886.465,-7.610000000000014,121.5,10.125,142.918,44.939389999999975,4
2018-06-10 13:17:58+00:00,46.321896,10.872132,880.168,-6.2970000000000255,56.53,8.075714285714286,136.62099999999998,44.99591999999998,4
2018-06-10 13:18:02+00:00,46.322027,10.872389,876.914,-3.254000000000019,24.53,6.1325,133.36699999999996,45.020449999999975,4
2018-06-10 13:18:10+00:00,46.321688,10.87325,873.008,-3.905999999999949,76.11,9.51375,129.461,45.096559999999975,4
2018-06-10 13:18:13+00:00,46.321448,10.873498,870.958,-2.050000000000068,32.79,10.93,127.41099999999994,45.129349999999974,4
2018-06-10 13:18:19+00:00,46.320894,10.873619,866.531,-4.427000000000021,62.3,10.383333333333333,122.98399999999992,45.19164999999998,4
2018-06-10 13:18:23+00:00,46.320657,10.873872,863.362,-3.1689999999999827,32.74,8.185,119.81499999999994,45.22438999999998,4
2018-06-10 13:18:40+00:00,46.319452,10.874444,849.961,-13.400999999999954,141.01,8.294705882352941,106.41399999999999,45.36539999999998,4
2018-06-10 13:18:48+00:00,46.319943,10.8743,848.259,-1.7019999999999982,55.71,6.96375,104.71199999999999,45.42110999999998,4
2018-06-10 13:19:02+00:00,46.321319,10.874295,837.28,-10.979000000000042,153.0,10.928571428571429,93.73299999999995,45.574109999999976,4
2018-06-10 13:19:22+00:00,46.32299,10.875414,821.525,-15.754999999999995,204.71,10.2355,77.97799999999995,45.778819999999975,4
2018-06-10 13:19:31+00:00,46.323794,10.875539,814.31,-7.215000000000032,89.91,9.99,70.76299999999992,45.86872999999998,4
2018-06-10 13:19:48+00:00,46.325135,10.875048,801.836,-12.473999999999933,153.81,9.047647058823529,58.28899999999999,46.02253999999998,4
2018-06-10 13:19:58+00:00,46.325541,10.874666,796.617,-5.219000000000051,53.84,5.384,53.069999999999936,46.07637999999998,4
2018-06-10 13:20:21+00:00,46.326182,10.876418,793.518,-3.0989999999999327,152.25,6.619565217391305,49.971000000000004,46.228629999999974,4
2018-06-10 13:20:30+00:00,46.326024,10.877048,793.708,0.18999999999994088,51.47,5.7188888888888885,50.160999999999945,46.280099999999976,4
2018-06-10 13:20:51+00:00,46.325218,10.877812,795.285,1.5769999999999982,107.12,5.100952380952381,51.73799999999994,46.38721999999998,4
2018-06-10 13:21:12+00:00,46.324582,10.878997,795.648,0.3630000000000564,115.24,5.487619047619047,52.101,46.50245999999998,4
2018-06-10 13:22:06+00:00,46.324599,10.882393,798.699,3.050999999999931,260.78,4.829259259259259,55.15199999999993,46.763239999999975,4
2018-06-10 13:22:16+00:00,46.324762,10.882826,798.628,-0.07099999999991269,37.87,3.787,55.08100000000002,46.80110999999998,4
2018-06-10 13:22:33+00:00,46.325732,10.882951,794.526,-4.102000000000089,108.29,6.37,50.97899999999993,46.90939999999998,4
2018-06-10 13:22:44+00:00,46.326231,10.883636,790.067,-4.458999999999946,76.45,6.95,46.51999999999998,46.98584999999998,4
2018-06-10 13:22:52+00:00,46.326642,10.883817,786.942,-3.125,47.77,5.97125,43.39499999999998,47.03361999999997,4
2018-06-10 13:23:17+00:00,46.327168,10.884344,781.477,-5.465000000000032,71.12,2.8448,37.92999999999995,47.10473999999998,4
2018-06-10 13:23:33+00:00,46.327717,10.884441,778.127,-3.3500000000000227,61.5,3.84375,34.57999999999993,47.16623999999997,4
2018-06-10 13:23:56+00:00,46.328257,10.88508,773.368,-4.758999999999901,77.54,3.3713043478260873,29.821000000000026,47.24377999999998,4
2018-06-10 13:24:11+00:00,46.329036,10.88553,770.514,-2.854000000000042,93.26,6.217333333333333,26.966999999999985,47.33703999999998,4
2018-06-10 13:24:40+00:00,46.329821,10.887875,764.108,-6.406000000000063,200.1,6.8999999999999995,20.560999999999922,47.53713999999998,4
2018-06-10 13:25:07+00:00,46.330922,10.889134,762.994,-1.113999999999919,155.99,5.7774074074074075,19.447000000000003,47.693129999999975,4
2018-06-10 13:25:39+00:00,46.332373,10.888981,762.657,-0.3369999999999891,161.77,5.0553125,19.110000000000014,47.85489999999997,4
2018-06-10 13:25:56+00:00,46.333075,10.888692,762.048,-0.6090000000000373,81.15,4.773529411764706,18.500999999999976,47.93604999999997,4
2018-06-10 13:26:15+00:00,46.333559,10.889134,763.427,1.379000000000019,63.62,3.3484210526315787,19.879999999999995,47.99966999999997,4
2018-06-10 13:26:49+00:00,46.334317,10.890719,761.535,-1.8920000000000528,148.03,4.353823529411764,17.987999999999943,48.14769999999997,4
2018-06-10 13:27:01+00:00,46.334803,10.890823,762.136,0.6009999999999991,54.63,4.5525,18.588999999999942,48.202329999999975,4
2018-06-10 13:27:34+00:00,46.336164,10.891867,761.321,-0.8149999999999409,171.25,5.1893939393939394,17.774,48.373579999999976,4
2018-06-10 13:28:39+00:00,46.338744,10.892673,762.616,1.294999999999959,293.48,4.515076923076923,19.06899999999996,48.66705999999998,4
2018-06-10 13:28:51+00:00,46.3392,10.892971,760.018,-2.5979999999999563,55.63,4.635833333333333,16.471000000000004,48.72268999999997,4
2018-06-10 13:29:05+00:00,46.339721,10.893733,758.098,-1.9200000000000728,82.33,5.880714285714285,14.55099999999993,48.80501999999998,4
2018-06-10 13:29:31+00:00,46.34037,10.89553,756.017,-2.0809999999999036,155.69,5.988076923076923,12.470000000000027,48.96070999999998,4
2018-06-10 13:29:56+00:00,46.340644,10.897369,755.208,-0.8090000000000828,144.42,5.7768,11.660999999999945,49.105129999999974,4
2018-06-10 13:30:11+00:00,46.340919,10.89816,756.543,1.3350000000000364,67.99,4.532666666666667,12.995999999999981,49.173119999999976,4
2018-06-10 13:30:43+00:00,46.341864,10.89936,756.796,0.25300000000004275,139.74,4.366875,13.249000000000024,49.31285999999997,4
2018-06-10 13:31:22+00:00,46.343008,10.901445,750.757,-6.039000000000101,204.45,5.242307692307692,7.209999999999923,49.517309999999966,4
2018-06-10 13:31:34+00:00,46.343481,10.901818,750.356,-0.4009999999999536,59.88,4.99,6.808999999999969,49.577189999999966,4
2018-06-10 13:31:54+00:00,46.344188,10.902821,750.734,0.37800000000004275,110.04,5.502000000000001,7.187000000000012,49.687229999999964,4
2018-06-10 13:32:43+00:00,46.345918,10.904453,751.745,1.0109999999999673,229.56,4.684897959183673,8.197999999999979,49.91678999999996,4
2018-06-10 13:33:10+00:00,46.346807,10.905535,754.15,2.4049999999999727,129.11,4.781851851851853,10.602999999999952,50.04589999999997,4
2018-06-10 13:33:41+00:00,46.348134,10.906268,753.785,-0.3650000000000091,157.92,5.094193548387096,10.237999999999943,50.203819999999965,4
2018-06-10 13:33:58+00:00,46.348788,10.907025,753.365,-0.4199999999999591,93.08,5.475294117647059,9.817999999999984,50.296899999999965,4
2018-06-10 13:34:47+00:00,46.349916,10.909662,752.068,-1.2970000000000255,238.11,4.859387755102041,8.520999999999958,50.535009999999964,4
2018-06-10 13:34:59+00:00,46.350277,10.910113,752.814,0.7459999999999809,53.01,4.4174999999999995,9.266999999999939,50.588019999999965,4
2018-06-10 13:35:22+00:00,46.351033,10.910618,755.408,2.594000000000051,92.57,4.024782608695652,11.86099999999999,50.68058999999997,4
2018-06-10 13:36:54+00:00,46.35097,10.910845,756.058,0.6499999999999773,18.78,0.2041304347826087,12.510999999999967,50.699369999999966,4
2018-06-10 13:37:32+00:00,46.351709,10.911614,761.321,5.263000000000034,101.17,2.6623684210526317,17.774,50.80053999999996,4
2018-06-10 13:37:46+00:00,46.351737,10.91191,763.552,2.2309999999999945,22.93,1.637857142857143,20.004999999999995,50.823469999999965,4
2018-06-10 13:38:01+00:00,46.352228,10.912031,764.791,1.2390000000000327,55.38,3.692,21.244000000000028,50.878849999999964,4
2018-06-10 13:38:48+00:00,46.353489,10.912798,768.939,4.147999999999911,152.07,3.235531914893617,25.39199999999994,51.03091999999996,4
2018-06-10 13:39:15+00:00,46.354059,10.91361,771.19,2.25100000000009,88.89,3.292222222222222,27.64300000000003,51.11980999999996,4
2018-06-10 13:40:34+00:00,46.355653,10.915281,769.215,-1.9750000000000227,218.77,2.769240506329114,25.668000000000006,51.33857999999996,4
2018-06-10 13:40:43+00:00,46.356106,10.915153,765.87,-3.3450000000000273,51.32,5.702222222222222,22.32299999999998,51.389899999999955,4
2018-06-10 13:41:01+00:00,46.357015,10.914236,756.164,-9.706000000000017,123.16,6.842222222222222,12.616999999999962,51.51305999999996,4
2018-06-10 13:41:05+00:00,46.357395,10.914156,753.706,-2.45799999999997,42.7,10.675,10.158999999999992,51.55575999999996,4
2018-06-10 13:41:09+00:00,46.3577,10.914451,751.716,-1.990000000000009,40.78,10.195,8.168999999999983,51.596539999999955,4
2018-06-10 13:41:18+00:00,46.358103,10.915194,751.108,-0.6080000000000609,72.52,8.057777777777778,7.560999999999922,51.66905999999995,4
2018-06-10 13:41:40+00:00,46.357847,10.916553,754.368,3.2600000000001046,108.11,4.914090909090909,10.821000000000026,51.777169999999956,4
2018-06-10 13:42:04+00:00,46.357919,10.917731,756.481,2.1129999999999427,90.76,3.7816666666666667,12.933999999999969,51.86792999999996,4
2018-06-10 13:42:14+00:00,46.358185,10.917997,756.722,0.24099999999998545,35.94,3.594,13.174999999999955,51.90386999999996,4
2018-06-10 13:42:56+00:00,46.358967,10.919606,759.311,2.5890000000000555,151.02,3.595714285714286,15.76400000000001,52.05488999999996,4
2018-06-10 13:43:52+00:00,46.359269,10.921869,763.949,4.63799999999992,176.88,3.1585714285714284,20.40199999999993,52.231769999999955,4
2018-06-10 13:44:32+00:00,46.360082,10.923323,764.34,0.3910000000000764,143.6,3.59,20.793000000000006,52.375369999999954,4
2018-06-10 13:45:40+00:00,46.361204,10.926016,767.175,2.8349999999999227,241.39,3.5498529411764705,23.62799999999993,52.61675999999995,4
2018-06-10 13:45:56+00:00,46.360968,10.927041,765.61,-1.5649999999999409,82.92,5.1825,22.062999999999988,52.69967999999995,4
2018-06-10 13:46:17+00:00,46.361223,10.928215,764.052,-1.5579999999999927,94.45,4.497619047619048,20.504999999999995,52.794129999999946,4
2018-06-10 13:46:39+00:00,46.360579,10.928645,758.653,-5.399000000000001,78.85,3.584090909090909,15.105999999999995,52.87297999999994,4
2018-06-10 13:49:18+00:00,46.360612,10.92935,755.008,-3.644999999999982,54.22,0.3410062893081761,11.461000000000013,52.92719999999995,4
2018-06-10 13:52:17+00:00,46.36057,10.928601,757.508,2.5,57.67,0.3221787709497207,13.961000000000013,52.984869999999944,4
2018-06-10 13:53:06+00:00,46.361017,10.928292,761.897,4.38900000000001,55.07,1.1238775510204082,18.350000000000023,53.039939999999945,4
2018-06-10 13:54:07+00:00,46.361007,10.928492,761.73,-0.16700000000003,15.39,0.2522950819672131,18.182999999999993,53.05532999999994,4
2018-06-10 13:54:20+00:00,46.361021,10.928308,761.751,0.020999999999958163,14.21,1.093076923076923,18.20399999999995,53.06953999999994,4
2018-06-10 13:54:35+00:00,46.361117,10.928463,761.74,-0.010999999999967258,15.98,1.0653333333333335,18.192999999999984,53.085519999999946,4
